{
 "Environment": {
  "application": {
   "name": "toolboxes_heat"
  },
  "hardware": {
   "gaya": {
    "backend": "kwsys",
    "domain_name": "gaya.math.unistra.fr",
    "hostname": "gaya",
    "mem": {
     "available": {
      "host": "1056361836",
      "physical": "952765",
      "proc": "1056361836",
      "virtual": "8191"
     },
     "total": {
      "host": "1056361836",
      "physical": "1031603",
      "virtual": "8191"
     },
     "used": {
      "checkpoint-1": {
       "host": "48039508",
       "proc": "566784"
      },
      "checkpoint-2": {
       "host": "47907256",
       "proc": "588288"
      },
      "checkpoint-3": {
       "host": "47922392",
       "proc": "595968"
      }
     }
    },
    "os": {
     "is_apple": "0",
     "is_linux": "1",
     "is_windows": "0",
     "name": "Linux",
     "platform": "x86_64",
     "release": "6.8.0-87-generic",
     "version": "#88-Ubuntu SMP PREEMPT_DYNAMIC Sat Oct 11 09:28:41 UTC 2025"
    },
    "proc": {
     "apic_id": "0",
     "cache_size": "512",
     "clock_frequency": "3293.436035",
     "cpu_id_support": "0",
     "extended_name": "Unknown AMD family",
     "family_id": "23",
     "is_64bits": "1",
     "logical_cpu_number": "192",
     "logical_per_physical": "2",
     "model_id": "49",
     "physical_cpu_number": "96",
     "serial_number": "",
     "stepping_code": "0",
     "type_id": "0",
     "vendor_id": "Advanced Micro Devices",
     "vendor_name": "AuthenticAMD"
    }
   }
  },
  "run": {
   "command-line": "feelpp_toolbox_heat --config-file /usr/share/feelpp/data/testcases/toolboxes/heat/cases/Building/ThermalBridgesENISO10211/case2.cfg",
   "config-files": [
    "/usr/share/feelpp/data/testcases/toolboxes/heat/cases/Building/ThermalBridgesENISO10211/case2.cfg"
   ],
   "directories": {
    "app": "/data/home/chappron/feelppdb/toolboxes/heat/ThermalBridgesENISO10211/Case2/np_16",
    "downloads": "/data/home/chappron/feelppdb/toolboxes/heat/ThermalBridgesENISO10211/Case2/downloads",
    "export": "/data/home/chappron/feelppdb/toolboxes/heat/ThermalBridgesENISO10211/Case2/np_16/exports",
    "exprs": "/data/home/chappron/feelppdb/toolboxes/heat/ThermalBridgesENISO10211/Case2/exprs",
    "logs": "/data/home/chappron/feelppdb/toolboxes/heat/ThermalBridgesENISO10211/Case2/np_16/logs"
   },
   "number_of_processors": 16,
   "uuid": "b0cca51d-1aa1-4424-a3cb-efb45d13e865"
  },
  "software": {
   "boost": {
    "version": "1_83"
   },
   "mpi": {
    "library": {
     "openmpi": {
      "version": {
       "major": 4,
       "minor": 1,
       "release": 6
      }
     }
    },
    "version": "3.1"
   },
   "petsc": {
    "date": {
     "release": "Mar 30, 2023",
     "version": "Sep 28, 2023"
    },
    "version": {
     "major": 3,
     "minor": 19,
     "release": 1,
     "subminor": 6
    }
   }
  }
 },
 "FunctionSpace": {
  "object-0": {
   "basis": {
    "is_continuous": true,
    "nComponents": 1,
    "nComponents1": 1,
    "nComponents2": 1,
    "nLocalDof": 3,
    "name": "lagrange",
    "order": 1,
    "shape": "scalar"
   },
   "doftable": {
    "extended-doftable": 1,
    "nDof": 28772,
    "nLocalDofWithGhost": [
     1933,
     2011,
     1892,
     1954,
     2019,
     2022,
     1963,
     1951,
     1974,
     1984,
     1923,
     1994,
     1967,
     1982,
     1962,
     1970
    ],
    "nLocalDofWithoutGhost": [
     1816,
     1836,
     1829,
     1713,
     1896,
     1782,
     1805,
     1735,
     1854,
     1801,
     1859,
     1749,
     1845,
     1740,
     1776,
     1736
    ],
    "nLocalGhost": [
     117,
     175,
     63,
     241,
     123,
     240,
     158,
     216,
     120,
     183,
     64,
     245,
     122,
     242,
     186,
     234
    ]
   },
   "mesh": "/Mesh/heat",
   "nSpace": 1
  },
  "object-1": {
   "basis": {
    "is_continuous": true,
    "nComponents": 1,
    "nComponents1": 1,
    "nComponents2": 1,
    "nLocalDof": 3,
    "name": "lagrange",
    "order": 1,
    "shape": "scalar"
   },
   "doftable": {
    "extended-doftable": 1,
    "nDof": 28772,
    "nLocalDofWithGhost": [
     1933,
     2011,
     1892,
     1954,
     2019,
     2022,
     1963,
     1951,
     1974,
     1984,
     1923,
     1994,
     1967,
     1982,
     1962,
     1970
    ],
    "nLocalDofWithoutGhost": [
     1816,
     1836,
     1829,
     1713,
     1896,
     1782,
     1805,
     1735,
     1854,
     1801,
     1859,
     1749,
     1845,
     1740,
     1776,
     1736
    ],
    "nLocalGhost": [
     117,
     175,
     63,
     241,
     123,
     240,
     158,
     216,
     120,
     183,
     64,
     245,
     122,
     242,
     186,
     234
    ]
   },
   "mesh": "/Mesh/heat",
   "nSpace": 1
  },
  "object-2": {
   "basis": {
    "is_continuous": false,
    "nComponents": 1,
    "nComponents1": 1,
    "nComponents2": 1,
    "nLocalDof": 1,
    "name": "lagrange",
    "order": 0,
    "shape": "scalar"
   },
   "doftable": {
    "extended-doftable": 1,
    "nDof": 56446,
    "nLocalDofWithGhost": [
     3688,
     3835,
     3606,
     3721,
     3847,
     3851,
     3725,
     3715,
     3760,
     3785,
     3675,
     3793,
     3741,
     3778,
     3742,
     3751
    ],
    "nLocalDofWithoutGhost": [
     3460,
     3604,
     3484,
     3484,
     3607,
     3615,
     3476,
     3475,
     3526,
     3547,
     3551,
     3552,
     3502,
     3540,
     3502,
     3521
    ],
    "nLocalGhost": [
     228,
     231,
     122,
     237,
     240,
     236,
     249,
     240,
     234,
     238,
     124,
     241,
     239,
     238,
     240,
     230
    ]
   },
   "mesh": "/Mesh/heat",
   "nSpace": 1
  }
 },
 "Mesh": {
  "heat": {
   "dim": 2,
   "h_average": 0.0010098817206652517,
   "h_max": 0.001406770916853244,
   "h_min": 0.0007227078844682774,
   "n_elements": 56446,
   "n_faces": 85217,
   "n_partition": 16,
   "n_points": 28772,
   "order": 1,
   "partitioning": {
    "n_elements": [
     3460,
     3604,
     3484,
     3484,
     3607,
     3615,
     3476,
     3475,
     3526,
     3547,
     3551,
     3552,
     3502,
     3540,
     3502,
     3521
    ],
    "n_elements_with_ghost": [
     3688,
     3835,
     3606,
     3721,
     3847,
     3851,
     3725,
     3715,
     3760,
     3785,
     3675,
     3793,
     3741,
     3778,
     3742,
     3751
    ],
    "n_faces": [
     5275,
     5440,
     5312,
     5198,
     5502,
     5398,
     5281,
     5210,
     5379,
     5348,
     5409,
     5302,
     5346,
     5281,
     5278,
     5258
    ],
    "n_points": [
     1816,
     1836,
     1829,
     1713,
     1896,
     1782,
     1805,
     1735,
     1854,
     1801,
     1859,
     1749,
     1845,
     1740,
     1776,
     1736
    ]
   },
   "real_dim": 2,
   "shape": "Simplex_2_1_2"
  },
  "object-1": {
   "dim": 2,
   "h_average": 0.14999999990868673,
   "h_max": 4.706088054776e-310,
   "h_min": 4.70608805477125e-310,
   "n_elements": 56446,
   "n_faces": 85217,
   "n_partition": 1,
   "n_points": 28772,
   "order": 1,
   "real_dim": 2,
   "shape": "Simplex_2_1_2"
  }
 },
 "ModelPhysic": {
  "object-0": {
   "Generic": {
    "modeling": "heat",
    "name": "default",
    "type": "heat"
   },
   "Heat": {
    "Equation": " - div( k grad T ) = 0"
   }
  }
 },
 "TimerTable": {
  "timer-0": {
   "count": 1,
   "max": 0.13355494,
   "mean": 0.13355494,
   "message": "read msh from file",
   "min": 0.13355494,
   "std_dev": 0.0,
   "total": 0.13355494
  },
  "timer-1": {
   "count": 2,
   "max": 0.000578538,
   "mean": 0.000301161,
   "message": "Mesh.updateEntitiesCoDimensionOne.add_faces",
   "min": 2.3784e-05,
   "std_dev": 0.000277377,
   "total": 0.000602322
  },
  "timer-10": {
   "count": 1,
   "max": 0.001777223,
   "mean": 0.001777223,
   "message": "PartitionIO writing stats",
   "min": 0.001777223,
   "std_dev": 0.0,
   "total": 0.001777223
  },
  "timer-11": {
   "count": 1,
   "max": 0.002399143,
   "mean": 0.002399143,
   "message": "PartitionIO writing points",
   "min": 0.002399143,
   "std_dev": 0.0,
   "total": 0.002399143
  },
  "timer-12": {
   "count": 1,
   "max": 0.014840244,
   "mean": 0.014840244,
   "message": "PartitionIO writing elements",
   "min": 0.014840244,
   "std_dev": 0.0,
   "total": 0.014840244
  },
  "timer-13": {
   "count": 1,
   "max": 0.00059028,
   "mean": 0.00059028,
   "message": "PartitionIO writing ghost_elements",
   "min": 0.00059028,
   "std_dev": 0.0,
   "total": 0.00059028
  },
  "timer-14": {
   "count": 1,
   "max": 0.000623673,
   "mean": 0.000623673,
   "message": "PartitionIO writing marked_subentities",
   "min": 0.000623673,
   "std_dev": 0.0,
   "total": 0.000623673
  },
  "timer-15": {
   "count": 1,
   "max": 0.027485729,
   "mean": 0.027485729,
   "message": "PartitionIO writing hdf5 file",
   "min": 0.027485729,
   "std_dev": 0.0,
   "total": 0.027485729
  },
  "timer-16": {
   "count": 1,
   "max": 0.000798181,
   "mean": 0.000798181,
   "message": "PartitionIO reading stats",
   "min": 0.000798181,
   "std_dev": 0.0,
   "total": 0.000798181
  },
  "timer-17": {
   "count": 1,
   "max": 0.000936642,
   "mean": 0.000936642,
   "message": "PartitionIO reading points",
   "min": 0.000936642,
   "std_dev": 0.0,
   "total": 0.000936642
  },
  "timer-18": {
   "count": 1,
   "max": 0.002034497,
   "mean": 0.002034497,
   "message": "PartitionIO reading elements",
   "min": 0.002034497,
   "std_dev": 0.0,
   "total": 0.002034497
  },
  "timer-19": {
   "count": 1,
   "max": 0.000903499,
   "mean": 0.000903499,
   "message": "PartitionIO reading ghost_elements",
   "min": 0.000903499,
   "std_dev": 0.0,
   "total": 0.000903499
  },
  "timer-2": {
   "count": 2,
   "max": 0.086063941,
   "mean": 0.044626495,
   "message": "Mesh.updateEntitiesCoDimensionOne.add_faces_from_elements",
   "min": 0.003189049,
   "std_dev": 0.041437446,
   "total": 0.08925299
  },
  "timer-20": {
   "count": 1,
   "max": 0.000171082,
   "mean": 0.000171082,
   "message": "PartitionIO reading marked_subentities",
   "min": 0.000171082,
   "std_dev": 0.0,
   "total": 0.000171082
  },
  "timer-21": {
   "count": 1,
   "max": 0.012320224,
   "mean": 0.012320224,
   "message": "PartitionIO reading hdf5 file",
   "min": 0.012320224,
   "std_dev": 0.0,
   "total": 0.012320224
  },
  "timer-22": {
   "count": 1,
   "max": 4.31e-07,
   "mean": 4.31e-07,
   "message": "Mesh::updateForUse update entities of codimension 2",
   "min": 4.31e-07,
   "std_dev": 0.0,
   "total": 4.31e-07
  },
  "timer-23": {
   "count": 1,
   "max": 0.003879227,
   "mean": 0.003879227,
   "message": "Mesh::updateForUse update parallel data",
   "min": 0.003879227,
   "std_dev": 0.0,
   "total": 0.003879227
  },
  "timer-24": {
   "count": 1,
   "max": 0.0057951,
   "mean": 0.0057951,
   "message": "[Mesh::updateMeasures] update entity measures",
   "min": 0.0057951,
   "std_dev": 0.0,
   "total": 0.0057951
  },
  "timer-25": {
   "count": 1,
   "max": 0.001314824,
   "mean": 0.001314824,
   "message": "[Mesh::updateMeasures] update average, min and max",
   "min": 0.001314824,
   "std_dev": 0.0,
   "total": 0.001314824
  },
  "timer-26": {
   "count": 1,
   "max": 0.007139209,
   "mean": 0.007139209,
   "message": "Mesh::updateForUse update mesh measures",
   "min": 0.007139209,
   "std_dev": 0.0,
   "total": 0.007139209
  },
  "timer-27": {
   "count": 1,
   "max": 2.21e-07,
   "mean": 2.21e-07,
   "message": "Mesh::updateForUse update geomap cache",
   "min": 2.21e-07,
   "std_dev": 0.0,
   "total": 2.21e-07
  },
  "timer-28": {
   "count": 1,
   "max": 0.018163484,
   "mean": 0.018163484,
   "message": "PartitionIO mesh update for use",
   "min": 0.018163484,
   "std_dev": 0.0,
   "total": 0.018163484
  },
  "timer-29": {
   "count": 3,
   "max": 2.3524e-05,
   "mean": 1.1835666666666666e-05,
   "message": "FunctionSpace dof-1",
   "min": 5.28e-06,
   "std_dev": 8.28529155927673e-06,
   "total": 3.5507e-05
  },
  "timer-3": {
   "count": 2,
   "max": 0.004329063,
   "mean": 0.0021991565,
   "message": "Mesh.updateEntitiesCoDimensionOne.clean_faces",
   "min": 6.925e-05,
   "std_dev": 0.0021299065,
   "total": 0.004398313
  },
  "timer-30": {
   "count": 3,
   "max": 8e-08,
   "mean": 7e-08,
   "message": "FunctionSpace dof-2",
   "min": 6e-08,
   "std_dev": 8.164965809277269e-09,
   "total": 2.1e-07
  },
  "timer-31": {
   "count": 3,
   "max": 9e-08,
   "mean": 7e-08,
   "message": "FunctionSpace dof-3",
   "min": 5e-08,
   "std_dev": 1.6329931618554527e-08,
   "total": 2.1e-07
  },
  "timer-32": {
   "count": 3,
   "max": 4.81e-07,
   "mean": 3.6400000000000003e-07,
   "message": "FunctionSpace dof-4",
   "min": 2.51e-07,
   "std_dev": 9.393969696920821e-08,
   "total": 1.092e-06
  },
  "timer-33": {
   "count": 3,
   "max": 0.00056892,
   "mean": 0.00048607066666666665,
   "message": "DofTable::init",
   "min": 0.000370857,
   "std_dev": 8.403501471146153e-05,
   "total": 0.001458212
  },
  "timer-34": {
   "count": 3,
   "max": 8.12e-07,
   "mean": 3.3066666666666666e-07,
   "message": "DofTable::buildPeriodicDof",
   "min": 6e-08,
   "std_dev": 3.4123436065098853e-07,
   "total": 9.92e-07
  },
  "timer-35": {
   "count": 3,
   "max": 7e-08,
   "mean": 6.033333333333333e-08,
   "message": "DofTable::buildLocalDiscon",
   "min": 5.1e-08,
   "std_dev": 7.76029781788188e-09,
   "total": 1.81e-07
  },
  "timer-36": {
   "count": 3,
   "max": 9e-08,
   "mean": 8.000000000000001e-08,
   "message": "DofTable buildDofMap allocation",
   "min": 7e-08,
   "std_dev": 8.164965809277257e-09,
   "total": 2.4000000000000003e-07
  },
  "timer-37": {
   "count": 3,
   "max": 0.00424789,
   "mean": 0.002902435666666667,
   "message": "DofTable buildDofMap element loop",
   "min": 0.000697612,
   "std_dev": 0.0015716244690608789,
   "total": 0.008707307000000001
  },
  "timer-38": {
   "count": 3,
   "max": 0.004347066,
   "mean": 0.0030024270000000002,
   "message": "DofTable buildDofMap dof generation",
   "min": 0.000787651,
   "std_dev": 0.0015780182898460548,
   "total": 0.009007281
  },
  "timer-39": {
   "count": 3,
   "max": 3e-07,
   "mean": 1.5000000000000002e-07,
   "message": "DofTable generateDofPoints",
   "min": 7e-08,
   "std_dev": 1.0614455552060438e-07,
   "total": 4.5000000000000003e-07
  },
  "timer-4": {
   "count": 2,
   "max": 0.131116883,
   "mean": 0.0676846005,
   "message": "Mesh::updateForUse update entities of codimension 1",
   "min": 0.004252318,
   "std_dev": 0.06343228249999999,
   "total": 0.135369201
  },
  "timer-40": {
   "count": 3,
   "max": 1.983e-06,
   "mean": 1.3223333333333334e-06,
   "message": "DofTable buildDofMap done",
   "min": 8.21e-07,
   "std_dev": 4.875799649516193e-07,
   "total": 3.967e-06
  },
  "timer-41": {
   "count": 3,
   "max": 0.004363858,
   "mean": 0.003019182333333333,
   "message": "DofTable::call buildDofMap",
   "min": 0.000801057,
   "std_dev": 0.0015802053625083741,
   "total": 0.009057546999999999
  },
  "timer-42": {
   "count": 3,
   "max": 3.01e-07,
   "mean": 2.5366666666666665e-07,
   "message": "DofTable::checki dof element assignement",
   "min": 1.8e-07,
   "std_dev": 5.27909924976685e-08,
   "total": 7.61e-07
  },
  "timer-43": {
   "count": 2,
   "max": 0.003060487,
   "mean": 0.002919186,
   "message": "DofTable::buildBoundaryDofMap",
   "min": 0.002777885,
   "std_dev": 0.00014130100000000036,
   "total": 0.005838372
  },
  "timer-44": {
   "count": 3,
   "max": 0.004617796,
   "mean": 0.0029997789999999997,
   "message": "DofTable::sequential map",
   "min": 1.1e-07,
   "std_dev": 0.002123280117409068,
   "total": 0.008999337
  },
  "timer-45": {
   "count": 3,
   "max": 0.003008459,
   "mean": 0.0021037,
   "message": "DofTable::reordering global id in doftable",
   "min": 0.000890334,
   "std_dev": 0.0008918303610152923,
   "total": 0.0063111
  },
  "timer-46": {
   "count": 3,
   "max": 0.000880466,
   "mean": 0.0006637116666666666,
   "message": "DofTable::build - locglob indices",
   "min": 0.00043065,
   "std_dev": 0.00018399828858684767,
   "total": 0.0019911349999999998
  },
  "timer-47": {
   "count": 3,
   "max": 0.012723632,
   "mean": 0.008763747333333334,
   "message": "DofTable::build",
   "min": 0.001943175,
   "std_dev": 0.004843704761638302,
   "total": 0.026291242
  },
  "timer-48": {
   "count": 3,
   "max": 0.013307782,
   "mean": 0.009409702666666667,
   "message": "FunctionSpace dof-5",
   "min": 0.002762947,
   "std_dev": 0.004723332332395307,
   "total": 0.028229108000000003
  },
  "timer-49": {
   "count": 3,
   "max": 0.013320225,
   "mean": 0.009556194333333332,
   "message": "FunctionSpace dof table",
   "min": 0.003153731,
   "std_dev": 0.004550486806588889,
   "total": 0.028668582999999997
  },
  "timer-5": {
   "count": 2,
   "max": 0.010022241,
   "mean": 0.005457950499999999,
   "message": "Mesh::updateForUse update on boundary",
   "min": 0.00089366,
   "std_dev": 0.004564290499999999,
   "total": 0.010915900999999999
  },
  "timer-50": {
   "count": 7,
   "max": 0.001190039,
   "mean": 0.00023059385714285715,
   "message": "VectorPetscMPI::close",
   "min": 1.8545e-05,
   "std_dev": 0.0003943319388377652,
   "total": 0.001614157
  },
  "timer-51": {
   "count": 3,
   "max": 0.005312903,
   "mean": 0.0030603326666666666,
   "message": "Integrator::assemble form MESH_ELEMENTS",
   "min": 0.001756063,
   "std_dev": 0.0015994235028493513,
   "total": 0.009180998
  },
  "timer-52": {
   "count": 2,
   "max": 0.000194386,
   "mean": 0.0001218645,
   "message": "MatrixPETSc::close",
   "min": 4.9343e-05,
   "std_dev": 7.252150000000001e-05,
   "total": 0.000243729
  },
  "timer-53": {
   "count": 11,
   "max": 0.00856508,
   "mean": 0.002828617545454546,
   "message": "integrating over faces",
   "min": 0.000325562,
   "std_dev": 0.0030698885965595906,
   "total": 0.031114793000000005
  },
  "timer-54": {
   "count": 1,
   "max": 0.013350712,
   "mean": 0.013350712,
   "message": "Timeset::add get scalar space nodal",
   "min": 0.013350712,
   "std_dev": 0.0,
   "total": 0.013350712
  },
  "timer-55": {
   "count": 1,
   "max": 0.006308666,
   "mean": 0.006308666,
   "message": "Timeset::add functionspace element heat.temperature",
   "min": 0.006308666,
   "std_dev": 0.0,
   "total": 0.006308666
  },
  "timer-56": {
   "count": 1,
   "max": 3.136e-06,
   "mean": 3.136e-06,
   "message": "Timeset::add get scalar space element",
   "min": 3.136e-06,
   "std_dev": 0.0,
   "total": 3.136e-06
  },
  "timer-57": {
   "count": 1,
   "max": 0.003723293,
   "mean": 0.003723293,
   "message": "Timeset::add functionspace element heat.pid",
   "min": 0.003723293,
   "std_dev": 0.0,
   "total": 0.003723293
  },
  "timer-58": {
   "count": 1,
   "max": 0.001841003,
   "mean": 0.001841003,
   "message": "ExporterEnsightGold::writeGeoFiles init cache",
   "min": 0.001841003,
   "std_dev": 0.0,
   "total": 0.001841003
  },
  "timer-59": {
   "count": 1,
   "max": 0.00638511,
   "mean": 0.00638511,
   "message": "ExporterEnsightGold::save geo",
   "min": 0.00638511,
   "std_dev": 0.0,
   "total": 0.00638511
  },
  "timer-6": {
   "count": 2,
   "max": 0.001896066,
   "mean": 0.0009988185,
   "message": "Mesh::updateForUse register elements associated to marked points",
   "min": 0.000101571,
   "std_dev": 0.0008972475000000001,
   "total": 0.001997637
  },
  "timer-60": {
   "count": 2,
   "max": 0.00180714,
   "mean": 0.0017991295000000002,
   "message": "saveFields intro",
   "min": 0.001791119,
   "std_dev": 8.010500000000089e-06,
   "total": 0.0035982590000000004
  },
  "timer-61": {
   "count": 8,
   "max": 6.1696e-05,
   "mean": 2.2987000000000002e-05,
   "message": "saveFields part",
   "min": 6.482e-06,
   "std_dev": 1.8008406710478305e-05,
   "total": 0.00018389600000000002
  },
  "timer-62": {
   "count": 8,
   "max": 0.000727819,
   "mean": 0.00013990462500000002,
   "message": "saveFields element loop",
   "min": 3.81e-07,
   "std_dev": 0.00023037270673570336,
   "total": 0.0011192370000000001
  },
  "timer-63": {
   "count": 8,
   "max": 0.000225444,
   "mean": 4.3942625e-05,
   "message": "saveFields write part",
   "min": 6e-08,
   "std_dev": 7.61616908933512e-05,
   "total": 0.000351541
  },
  "timer-64": {
   "count": 2,
   "max": 0.002981207,
   "mean": 0.002854694,
   "message": "saveFields",
   "min": 0.002728181,
   "std_dev": 0.00012651299999999997,
   "total": 0.005709388
  },
  "timer-65": {
   "count": 1,
   "max": 0.005730849,
   "mean": 0.005730849,
   "message": "ExporterEnsightGold::save variables",
   "min": 0.005730849,
   "std_dev": 0.0,
   "total": 0.005730849
  },
  "timer-66": {
   "count": 1,
   "max": 0.000129013,
   "mean": 0.000129013,
   "message": "ExporterEnsightGold::save case",
   "min": 0.000129013,
   "std_dev": 0.0,
   "total": 0.000129013
  },
  "timer-67": {
   "count": 1,
   "max": 0.000103645,
   "mean": 0.000103645,
   "message": "ExporterEnsightGold::save sos",
   "min": 0.000103645,
   "std_dev": 0.0,
   "total": 0.000103645
  },
  "timer-68": {
   "count": 1,
   "max": 0.012357494,
   "mean": 0.012357494,
   "message": "ExporterEnsightGold::save",
   "min": 0.012357494,
   "std_dev": 0.0,
   "total": 0.012357494
  },
  "timer-69": {
   "count": 1,
   "max": 10.461191901,
   "mean": 10.461191901,
   "message": "env",
   "min": 10.461191901,
   "std_dev": 0.0,
   "total": 10.461191901
  },
  "timer-7": {
   "count": 2,
   "max": 0.00518925,
   "mean": 0.002677235,
   "message": "Mesh::updateForUse update setMesh in elements and faces",
   "min": 0.00016522,
   "std_dev": 0.0025120150000000003,
   "total": 0.00535447
  },
  "timer-8": {
   "count": 2,
   "max": 0.17106842,
   "mean": 0.0946143295,
   "message": "[Mesh::updateForUse] total time",
   "min": 0.018160239,
   "std_dev": 0.07645409049999999,
   "total": 0.189228659
  },
  "timer-9": {
   "count": 1,
   "max": 0.047892253,
   "mean": 0.047892253,
   "message": "PartitionerMetis::partitionImpl",
   "min": 0.047892253,
   "std_dev": 0.0,
   "total": 0.047892253
  }
 },
 "Toolboxes": {
  "heat": {
   "Algebraic Solver": {
    "Backend": {
     "prefix": "heat",
     "type": "petsc"
    },
    "KSP": {
     "atol": 1e-50,
     "dtol": 100000.0,
     "maxit": 1000,
     "reuse-prec": false,
     "rtol": 1e-08,
     "type": "gmres"
    },
    "KSP in SNES": {
     "maxit": 1000,
     "reuse-prec": false,
     "rtol": 1e-05
    },
    "PC": {
     "mat-solver-package": "mumps",
     "type": "lu"
    },
    "SNES": {
     "atol": 1e-50,
     "maxit": 50,
     "reuse-jac": false,
     "rtol": 1e-08,
     "stol": 1e-08
    }
   },
   "Boundary Conditions": {
    "convective_heat_flux": {
     "bottom": {
      "expr_Text": "T0_bottom",
      "expr_h": "h_bottom",
      "markers": [
       "bottom"
      ]
     },
     "top": {
      "expr_Text": "T0_top",
      "expr_h": "h_top",
      "markers": [
       "top"
      ]
     }
    }
   },
   "Environment": {
    "expr repository": "/data/home/chappron/feelppdb/toolboxes/heat/ThermalBridgesENISO10211/Case2/exprs",
    "keyword": "heat",
    "number of processus": 16,
    "prefix": "heat",
    "root repository": "/data/home/chappron/feelppdb/toolboxes/heat/ThermalBridgesENISO10211/Case2/np_16"
   },
   "Fields": {
    "temperature": {
     "SymbolsExpr": [
      {
       "expr": "idv(.)",
       "name": "eval of temperature",
       "shape": "scalar",
       "symbol": "heat_T"
      },
      {
       "expr": "norm2(.)",
       "name": "norm2 of temperature",
       "shape": "scalar",
       "symbol": "heat_T_magnitude"
      },
      {
       "components": [
        {
         "indices": [
          0,
          0
         ],
         "symbol": "heat_grad_T_0"
        },
        {
         "indices": [
          0,
          1
         ],
         "symbol": "heat_grad_T_1"
        }
       ],
       "expr": "gradv(.)",
       "name": "grad of temperature",
       "shape": "vectorial [2]",
       "symbol": "heat_grad_T"
      },
      {
       "expr": "dnv(.)",
       "name": "normal derivative of temperature",
       "shape": "scalar",
       "symbol": "heat_dn_T"
      }
     ],
     "base symbol": "T",
     "function space": "/FunctionSpace/object-0",
     "name": "temperature",
     "prefix symbol": "heat"
    }
   },
   "Function Spaces": {
    "Temperature": "/FunctionSpace/object-0"
   },
   "Materials Properties": {
    "by_material": {
     "Aluminium": [
      {
       "expr": "2700",
       "name": "density",
       "shape": "scalar",
       "symbol": "materials_Aluminium_rho"
      },
      {
       "expr": "900",
       "name": "specific-heat-capacity",
       "shape": "scalar",
       "symbol": "materials_Aluminium_Cp"
      },
      {
       "expr": "k_alu",
       "name": "thermal-conductivity",
       "shape": "scalar",
       "symbol": "materials_Aluminium_k"
      }
     ],
     "Concrete": [
      {
       "expr": "2300",
       "name": "density",
       "shape": "scalar",
       "symbol": "materials_Concrete_rho"
      },
      {
       "expr": "880",
       "name": "specific-heat-capacity",
       "shape": "scalar",
       "symbol": "materials_Concrete_Cp"
      },
      {
       "expr": "k_concrete",
       "name": "thermal-conductivity",
       "shape": "scalar",
       "symbol": "materials_Concrete_k"
      }
     ],
     "Insulation": [
      {
       "expr": "150",
       "name": "density",
       "shape": "scalar",
       "symbol": "materials_Insulation_rho"
      },
      {
       "expr": "1000",
       "name": "specific-heat-capacity",
       "shape": "scalar",
       "symbol": "materials_Insulation_Cp"
      },
      {
       "expr": "k_insulation",
       "name": "thermal-conductivity",
       "shape": "scalar",
       "symbol": "materials_Insulation_k"
      }
     ],
     "Wood": [
      {
       "expr": "500",
       "name": "density",
       "shape": "scalar",
       "symbol": "materials_Wood_rho"
      },
      {
       "expr": "2500",
       "name": "specific-heat-capacity",
       "shape": "scalar",
       "symbol": "materials_Wood_Cp"
      },
      {
       "expr": "k_wood",
       "name": "thermal-conductivity",
       "shape": "scalar",
       "symbol": "materials_Wood_k"
      }
     ]
    },
    "multi-material": [
     {
      "expr": "concat(...)",
      "name": "density",
      "shape": "scalar",
      "symbol": "materials_rho"
     },
     {
      "expr": "concat(...)",
      "name": "specific-heat-capacity",
      "shape": "scalar",
      "symbol": "materials_Cp"
     },
     {
      "expr": "concat(...)",
      "name": "thermal-conductivity",
      "shape": "scalar",
      "symbol": "materials_k"
     }
    ],
    "number of materials": 4
   },
   "Meshes": {
    "heat": {
     "Discretization": "/Mesh/heat",
     "Fields": null,
     "Import configuration": {
      "generate-partitioning": true,
      "geo-filename": "/usr/share/feelpp/data/testcases/toolboxes/heat/cases/Building/ThermalBridgesENISO10211/case2.geo",
      "hsize": 0.001,
      "number-of-partition": 16
     },
     "filename": "/data/home/chappron/feelppdb/toolboxes/heat/ThermalBridgesENISO10211/Case2/np_16/heat.mesh.json"
    }
   },
   "Physics": {
    "heat": {
     "default": "/ModelPhysic/object-0"
    }
   },
   "Physics2": {
    "time mode": "Stationary"
   }
  }
 },
 "journal": {
  "checkpoints": {
   "checkpoint-1": {
    "time": {
     "gm": "Mon Nov 24 08:42:13 2025 GMT",
     "local": "Mon Nov 24 09:42:13 2025 CET",
     "time_t": 1763973733
    }
   },
   "checkpoint-2": {
    "time": {
     "gm": "Mon Nov 24 08:42:23 2025 GMT",
     "local": "Mon Nov 24 09:42:23 2025 CET",
     "time_t": 1763973743
    }
   },
   "checkpoint-3": {
    "time": {
     "gm": "Mon Nov 24 08:42:23 2025 GMT",
     "local": "Mon Nov 24 09:42:23 2025 CET",
     "time_t": 1763973743
    }
   },
   "number": 3
  },
  "time": {
   "gm": "Mon Nov 24 08:42:12 2025 GMT",
   "local": "Mon Nov 24 09:42:12 2025 CET",
   "time_t": 1763973732
  },
  "version": "0.1.0"
 }
}