{
 "Environment": {
  "application": {
   "name": "toolboxes_heat"
  },
  "hardware": {
   "gaya": {
    "backend": "kwsys",
    "domain_name": "gaya.math.unistra.fr",
    "hostname": "gaya",
    "mem": {
     "available": {
      "host": "1056361836",
      "physical": "962854",
      "proc": "1056361836",
      "virtual": "8191"
     },
     "total": {
      "host": "1056361836",
      "physical": "1031603",
      "virtual": "8191"
     },
     "used": {
      "checkpoint-1": {
       "host": "41428048",
       "proc": "566784"
      },
      "checkpoint-2": {
       "host": "47354164",
       "proc": "2580480"
      },
      "checkpoint-3": {
       "host": "48180628",
       "proc": "2591232"
      }
     }
    },
    "os": {
     "is_apple": "0",
     "is_linux": "1",
     "is_windows": "0",
     "name": "Linux",
     "platform": "x86_64",
     "release": "6.8.0-87-generic",
     "version": "#88-Ubuntu SMP PREEMPT_DYNAMIC Sat Oct 11 09:28:41 UTC 2025"
    },
    "proc": {
     "apic_id": "0",
     "cache_size": "512",
     "clock_frequency": "3092.927002",
     "cpu_id_support": "0",
     "extended_name": "Unknown AMD family",
     "family_id": "23",
     "is_64bits": "1",
     "logical_cpu_number": "192",
     "logical_per_physical": "2",
     "model_id": "49",
     "physical_cpu_number": "96",
     "serial_number": "",
     "stepping_code": "0",
     "type_id": "0",
     "vendor_id": "Advanced Micro Devices",
     "vendor_name": "AuthenticAMD"
    }
   }
  },
  "run": {
   "command-line": "feelpp_toolbox_heat --config-file /usr/share/feelpp/data/testcases/toolboxes/heat/cases/Building/ThermalBridgesENISO10211/case3.cfg",
   "config-files": [
    "/usr/share/feelpp/data/testcases/toolboxes/heat/cases/Building/ThermalBridgesENISO10211/case3.cfg"
   ],
   "directories": {
    "app": "/data/home/chappron/feelppdb/toolboxes/heat/ThermalBridgesENISO10211/Case3/np_16",
    "downloads": "/data/home/chappron/feelppdb/toolboxes/heat/ThermalBridgesENISO10211/Case3/downloads",
    "export": "/data/home/chappron/feelppdb/toolboxes/heat/ThermalBridgesENISO10211/Case3/np_16/exports",
    "exprs": "/data/home/chappron/feelppdb/toolboxes/heat/ThermalBridgesENISO10211/Case3/exprs",
    "logs": "/data/home/chappron/feelppdb/toolboxes/heat/ThermalBridgesENISO10211/Case3/np_16/logs"
   },
   "number_of_processors": 16,
   "uuid": "3d66f558-2bd8-4851-bd93-a643f8940ffa"
  },
  "software": {
   "boost": {
    "version": "1_83"
   },
   "mpi": {
    "library": {
     "openmpi": {
      "version": {
       "major": 4,
       "minor": 1,
       "release": 6
      }
     }
    },
    "version": "3.1"
   },
   "petsc": {
    "date": {
     "release": "Mar 30, 2023",
     "version": "Sep 28, 2023"
    },
    "version": {
     "major": 3,
     "minor": 19,
     "release": 1,
     "subminor": 6
    }
   }
  }
 },
 "FunctionSpace": {
  "object-0": {
   "basis": {
    "is_continuous": true,
    "nComponents": 1,
    "nComponents1": 1,
    "nComponents2": 1,
    "nLocalDof": 4,
    "name": "lagrange",
    "order": 1,
    "shape": "scalar"
   },
   "doftable": {
    "extended-doftable": 1,
    "nDof": 193494,
    "nLocalDofWithGhost": [
     14145,
     15318,
     13929,
     15172,
     13780,
     14072,
     15485,
     14629,
     13705,
     14606,
     15231,
     14302,
     13781,
     14865,
     14835,
     13914
    ],
    "nLocalDofWithoutGhost": [
     13161,
     12709,
     12527,
     12161,
     12648,
     11897,
     11155,
     12851,
     12710,
     12031,
     12050,
     11354,
     12695,
     11353,
     11155,
     11037
    ],
    "nLocalGhost": [
     984,
     2609,
     1402,
     3011,
     1132,
     2175,
     4330,
     1778,
     995,
     2575,
     3181,
     2948,
     1086,
     3512,
     3680,
     2877
    ]
   },
   "mesh": "/Mesh/heat",
   "nSpace": 1
  },
  "object-1": {
   "basis": {
    "is_continuous": true,
    "nComponents": 1,
    "nComponents1": 1,
    "nComponents2": 1,
    "nLocalDof": 4,
    "name": "lagrange",
    "order": 1,
    "shape": "scalar"
   },
   "doftable": {
    "extended-doftable": 1,
    "nDof": 193494,
    "nLocalDofWithGhost": [
     14145,
     15318,
     13929,
     15172,
     13780,
     14072,
     15485,
     14629,
     13705,
     14606,
     15231,
     14302,
     13781,
     14865,
     14835,
     13914
    ],
    "nLocalDofWithoutGhost": [
     13161,
     12709,
     12527,
     12161,
     12648,
     11897,
     11155,
     12851,
     12710,
     12031,
     12050,
     11354,
     12695,
     11353,
     11155,
     11037
    ],
    "nLocalGhost": [
     984,
     2609,
     1402,
     3011,
     1132,
     2175,
     4330,
     1778,
     995,
     2575,
     3181,
     2948,
     1086,
     3512,
     3680,
     2877
    ]
   },
   "mesh": "/Mesh/heat",
   "nSpace": 1
  },
  "object-2": {
   "basis": {
    "is_continuous": false,
    "nComponents": 1,
    "nComponents1": 1,
    "nComponents2": 1,
    "nLocalDof": 1,
    "name": "lagrange",
    "order": 0,
    "shape": "scalar"
   },
   "doftable": {
    "extended-doftable": 1,
    "nDof": 1057079,
    "nLocalDofWithGhost": [
     71006,
     77119,
     72080,
     78923,
     71228,
     73589,
     80056,
     70195,
     71084,
     75582,
     79781,
     74146,
     71525,
     77016,
     77624,
     72583
    ],
    "nLocalDofWithoutGhost": [
     66228,
     66427,
     66419,
     68052,
     65377,
     65365,
     65304,
     65209,
     66013,
     66012,
     68051,
     66017,
     65968,
     65979,
     65980,
     64678
    ],
    "nLocalGhost": [
     4778,
     10692,
     5661,
     10871,
     5851,
     8224,
     14752,
     4986,
     5071,
     9570,
     11730,
     8129,
     5557,
     11037,
     11644,
     7905
    ]
   },
   "mesh": "/Mesh/heat",
   "nSpace": 1
  }
 },
 "Mesh": {
  "heat": {
   "dim": 3,
   "h_average": 0.032597897301993195,
   "h_max": 0.043661000533830464,
   "h_min": 0.01754545861560071,
   "n_edges": 1298353,
   "n_elements": 1057079,
   "n_faces": 2161939,
   "n_partition": 16,
   "n_points": 193494,
   "order": 1,
   "partitioning": {
    "n_edges": [
     84264,
     83139,
     82621,
     82812,
     82163,
     80068,
     77921,
     82809,
     82803,
     80937,
     82493,
     79013,
     82752,
     79008,
     78353,
     77197
    ],
    "n_elements": [
     66228,
     66427,
     66419,
     68052,
     65377,
     65365,
     65304,
     65209,
     66013,
     66012,
     68051,
     66017,
     65968,
     65979,
     65980,
     64678
    ],
    "n_elements_with_ghost": [
     71006,
     77119,
     72080,
     78923,
     71228,
     73589,
     80056,
     70195,
     71084,
     75582,
     79781,
     74146,
     71525,
     77016,
     77624,
     72583
    ],
    "n_faces": [
     137332,
     136857,
     136513,
     138703,
     134893,
     133536,
     132069,
     135167,
     136107,
     134917,
     138492,
     133676,
     136026,
     133634,
     133179,
     130838
    ],
    "n_points": [
     13161,
     12709,
     12527,
     12161,
     12648,
     11897,
     11155,
     12851,
     12710,
     12031,
     12050,
     11354,
     12695,
     11353,
     11155,
     11037
    ]
   },
   "real_dim": 3,
   "shape": "Simplex_3_1_3"
  },
  "object-1": {
   "dim": 3,
   "h_average": 1.1736538470043914e+214,
   "h_max": 5.2984576845526e-310,
   "h_min": 1.7311756216718742e-306,
   "n_edges": 0,
   "n_elements": 1057079,
   "n_faces": 2161939,
   "n_partition": 1,
   "n_points": 193494,
   "order": 1,
   "real_dim": 3,
   "shape": "Simplex_3_1_3"
  }
 },
 "ModelPhysic": {
  "object-0": {
   "Generic": {
    "modeling": "heat",
    "name": "default",
    "type": "heat"
   },
   "Heat": {
    "Equation": " - div( k grad T ) = 0"
   }
  }
 },
 "TimerTable": {
  "timer-0": {
   "count": 1,
   "max": 3.136274232,
   "mean": 3.136274232,
   "message": "read msh from file",
   "min": 3.136274232,
   "std_dev": 0.0,
   "total": 3.136274232
  },
  "timer-1": {
   "count": 2,
   "max": 0.056732575,
   "mean": 0.029300735,
   "message": "Mesh.updateEntitiesCoDimensionOne.add_faces",
   "min": 0.001868895,
   "std_dev": 0.027431840000000002,
   "total": 0.05860147
  },
  "timer-10": {
   "count": 1,
   "max": 0.001639715,
   "mean": 0.001639715,
   "message": "PartitionIO writing stats",
   "min": 0.001639715,
   "std_dev": 0.0,
   "total": 0.001639715
  },
  "timer-11": {
   "count": 1,
   "max": 0.015383026,
   "mean": 0.015383026,
   "message": "PartitionIO writing points",
   "min": 0.015383026,
   "std_dev": 0.0,
   "total": 0.015383026
  },
  "timer-12": {
   "count": 1,
   "max": 0.343191569,
   "mean": 0.343191569,
   "message": "PartitionIO writing elements",
   "min": 0.343191569,
   "std_dev": 0.0,
   "total": 0.343191569
  },
  "timer-13": {
   "count": 1,
   "max": 0.003133044,
   "mean": 0.003133044,
   "message": "PartitionIO writing ghost_elements",
   "min": 0.003133044,
   "std_dev": 0.0,
   "total": 0.003133044
  },
  "timer-14": {
   "count": 1,
   "max": 0.013894035,
   "mean": 0.013894035,
   "message": "PartitionIO writing marked_subentities",
   "min": 0.013894035,
   "std_dev": 0.0,
   "total": 0.013894035
  },
  "timer-15": {
   "count": 1,
   "max": 0.538482614,
   "mean": 0.538482614,
   "message": "PartitionIO writing hdf5 file",
   "min": 0.538482614,
   "std_dev": 0.0,
   "total": 0.538482614
  },
  "timer-16": {
   "count": 1,
   "max": 0.000746183,
   "mean": 0.000746183,
   "message": "PartitionIO reading stats",
   "min": 0.000746183,
   "std_dev": 0.0,
   "total": 0.000746183
  },
  "timer-17": {
   "count": 1,
   "max": 0.004048786,
   "mean": 0.004048786,
   "message": "PartitionIO reading points",
   "min": 0.004048786,
   "std_dev": 0.0,
   "total": 0.004048786
  },
  "timer-18": {
   "count": 1,
   "max": 0.036646723,
   "mean": 0.036646723,
   "message": "PartitionIO reading elements",
   "min": 0.036646723,
   "std_dev": 0.0,
   "total": 0.036646723
  },
  "timer-19": {
   "count": 1,
   "max": 0.021157427,
   "mean": 0.021157427,
   "message": "PartitionIO reading ghost_elements",
   "min": 0.021157427,
   "std_dev": 0.0,
   "total": 0.021157427
  },
  "timer-2": {
   "count": 2,
   "max": 4.265248431,
   "mean": 2.231705118,
   "message": "Mesh.updateEntitiesCoDimensionOne.add_faces_from_elements",
   "min": 0.198161805,
   "std_dev": 2.033543313,
   "total": 4.463410236
  },
  "timer-20": {
   "count": 1,
   "max": 0.004068002,
   "mean": 0.004068002,
   "message": "PartitionIO reading marked_subentities",
   "min": 0.004068002,
   "std_dev": 0.0,
   "total": 0.004068002
  },
  "timer-21": {
   "count": 1,
   "max": 0.077258014,
   "mean": 0.077258014,
   "message": "PartitionIO reading hdf5 file",
   "min": 0.077258014,
   "std_dev": 0.0,
   "total": 0.077258014
  },
  "timer-22": {
   "count": 1,
   "max": 3.81e-07,
   "mean": 3.81e-07,
   "message": "[Mesh3D::updateEdges] adding edges already registered",
   "min": 3.81e-07,
   "std_dev": 0.0,
   "total": 3.81e-07
  },
  "timer-23": {
   "count": 1,
   "max": 0.030265089,
   "mean": 0.030265089,
   "message": "[Mesh3D::updateEdges] adding boundaryfaces/edges",
   "min": 0.030265089,
   "std_dev": 0.0,
   "total": 0.030265089
  },
  "timer-24": {
   "count": 1,
   "max": 0.214675649,
   "mean": 0.214675649,
   "message": "[Mesh3D::updateEdges] adding element/edges",
   "min": 0.214675649,
   "std_dev": 0.0,
   "total": 0.214675649
  },
  "timer-25": {
   "count": 1,
   "max": 0.009909981,
   "mean": 0.009909981,
   "message": "[Mesh3D::updateEdges] updating faces/edges",
   "min": 0.009909981,
   "std_dev": 0.0,
   "total": 0.009909981
  },
  "timer-26": {
   "count": 1,
   "max": 0.296355579,
   "mean": 0.296355579,
   "message": "Mesh::updateForUse update entities of codimension 2",
   "min": 0.296355579,
   "std_dev": 0.0,
   "total": 0.296355579
  },
  "timer-27": {
   "count": 1,
   "max": 0.443546949,
   "mean": 0.443546949,
   "message": "Mesh::updateForUse update parallel data",
   "min": 0.443546949,
   "std_dev": 0.0,
   "total": 0.443546949
  },
  "timer-28": {
   "count": 1,
   "max": 0.023680504,
   "mean": 0.023680504,
   "message": "Mesh::updateForUse update on boundary",
   "min": 0.023680504,
   "std_dev": 0.0,
   "total": 0.023680504
  },
  "timer-29": {
   "count": 1,
   "max": 0.094265104,
   "mean": 0.094265104,
   "message": "[Mesh::updateMeasures] update entity measures",
   "min": 0.094265104,
   "std_dev": 0.0,
   "total": 0.094265104
  },
  "timer-3": {
   "count": 2,
   "max": 0.14359275,
   "mean": 0.0764584945,
   "message": "Mesh.updateEntitiesCoDimensionOne.clean_faces",
   "min": 0.009324239,
   "std_dev": 0.0671342555,
   "total": 0.152916989
  },
  "timer-30": {
   "count": 1,
   "max": 0.032477751,
   "mean": 0.032477751,
   "message": "[Mesh::updateMeasures] update average, min and max",
   "min": 0.032477751,
   "std_dev": 0.0,
   "total": 0.032477751
  },
  "timer-31": {
   "count": 1,
   "max": 0.126843384,
   "mean": 0.126843384,
   "message": "Mesh::updateForUse update mesh measures",
   "min": 0.126843384,
   "std_dev": 0.0,
   "total": 0.126843384
  },
  "timer-32": {
   "count": 1,
   "max": 5e-08,
   "mean": 5e-08,
   "message": "Mesh::updateForUse update geomap cache",
   "min": 5e-08,
   "std_dev": 0.0,
   "total": 5e-08
  },
  "timer-33": {
   "count": 1,
   "max": 1.377590831,
   "mean": 1.377590831,
   "message": "PartitionIO mesh update for use",
   "min": 1.377590831,
   "std_dev": 0.0,
   "total": 1.377590831
  },
  "timer-34": {
   "count": 3,
   "max": 4.7008e-05,
   "mean": 2.1720666666666667e-05,
   "message": "FunctionSpace dof-1",
   "min": 7.975e-06,
   "std_dev": 1.7903469390657837e-05,
   "total": 6.5162e-05
  },
  "timer-35": {
   "count": 3,
   "max": 8.1e-08,
   "mean": 7.066666666666666e-08,
   "message": "FunctionSpace dof-2",
   "min": 6e-08,
   "std_dev": 8.576453553512404e-09,
   "total": 2.12e-07
  },
  "timer-36": {
   "count": 3,
   "max": 7e-08,
   "mean": 6e-08,
   "message": "FunctionSpace dof-3",
   "min": 5e-08,
   "std_dev": 8.16496580927726e-09,
   "total": 1.8e-07
  },
  "timer-37": {
   "count": 3,
   "max": 4.71e-07,
   "mean": 3.473333333333334e-07,
   "message": "FunctionSpace dof-4",
   "min": 2.21e-07,
   "std_dev": 1.0207948972355922e-07,
   "total": 1.0420000000000001e-06
  },
  "timer-38": {
   "count": 3,
   "max": 0.014858689,
   "mean": 0.010753570666666665,
   "message": "DofTable::init",
   "min": 0.006733926,
   "std_dev": 0.003317471201815455,
   "total": 0.032260712
  },
  "timer-39": {
   "count": 3,
   "max": 0.000171783,
   "mean": 5.7558e-05,
   "message": "DofTable::buildPeriodicDof",
   "min": 3.2e-07,
   "std_dev": 8.076933708200574e-05,
   "total": 0.000172674
  },
  "timer-4": {
   "count": 2,
   "max": 0.452972408,
   "mean": 0.2394528695,
   "message": "[Mesh3D::updateFaces] element/face permutation",
   "min": 0.025933331,
   "std_dev": 0.2135195385,
   "total": 0.478905739
  },
  "timer-40": {
   "count": 3,
   "max": 8e-08,
   "mean": 7.333333333333334e-08,
   "message": "DofTable::buildLocalDiscon",
   "min": 6e-08,
   "std_dev": 9.428090415820644e-09,
   "total": 2.2e-07
  },
  "timer-41": {
   "count": 3,
   "max": 2.7e-07,
   "mean": 2.3e-07,
   "message": "DofTable buildDofMap allocation",
   "min": 2e-07,
   "std_dev": 2.9439202887759494e-08,
   "total": 6.9e-07
  },
  "timer-42": {
   "count": 3,
   "max": 0.298455169,
   "mean": 0.18628813766666666,
   "message": "DofTable buildDofMap element loop",
   "min": 0.016513752,
   "std_dev": 0.12209749140190293,
   "total": 0.558864413
  },
  "timer-43": {
   "count": 3,
   "max": 0.30004,
   "mean": 0.18789041466666667,
   "message": "DofTable buildDofMap dof generation",
   "min": 0.018148908,
   "std_dev": 0.12207448269912037,
   "total": 0.563671244
  },
  "timer-44": {
   "count": 3,
   "max": 1.2e-07,
   "mean": 9.666666666666666e-08,
   "message": "DofTable generateDofPoints",
   "min": 6e-08,
   "std_dev": 2.624669291337271e-08,
   "total": 2.9e-07
  },
  "timer-45": {
   "count": 3,
   "max": 2.014e-06,
   "mean": 1.8370000000000002e-06,
   "message": "DofTable buildDofMap done",
   "min": 1.543e-06,
   "std_dev": 2.0932749461071758e-07,
   "total": 5.511e-06
  },
  "timer-46": {
   "count": 3,
   "max": 0.300097758,
   "mean": 0.18794354466666666,
   "message": "DofTable::call buildDofMap",
   "min": 0.018193131,
   "std_dev": 0.12208070117926197,
   "total": 0.563830634
  },
  "timer-47": {
   "count": 3,
   "max": 1.273e-06,
   "mean": 8.653333333333334e-07,
   "message": "DofTable::checki dof element assignement",
   "min": 2.71e-07,
   "std_dev": 4.2983278402446477e-07,
   "total": 2.5960000000000002e-06
  },
  "timer-48": {
   "count": 2,
   "max": 0.101682917,
   "mean": 0.095065645,
   "message": "DofTable::buildBoundaryDofMap",
   "min": 0.088448373,
   "std_dev": 0.006617272000000007,
   "total": 0.19013129
  },
  "timer-49": {
   "count": 3,
   "max": 0.185709933,
   "mean": 0.123671979,
   "message": "DofTable::sequential map",
   "min": 4.71e-07,
   "std_dev": 0.08744911778890072,
   "total": 0.371015937
  },
  "timer-5": {
   "count": 2,
   "max": 6.107186034,
   "mean": 3.2027023239999997,
   "message": "Mesh::updateForUse update entities of codimension 1",
   "min": 0.298218614,
   "std_dev": 2.9044837099999996,
   "total": 6.405404647999999
  },
  "timer-50": {
   "count": 3,
   "max": 0.376347005,
   "mean": 0.2542959513333333,
   "message": "DofTable::reordering global id in doftable",
   "min": 0.024642944,
   "std_dev": 0.16249630140536642,
   "total": 0.762887854
  },
  "timer-51": {
   "count": 3,
   "max": 0.030852805,
   "mean": 0.018116668,
   "message": "DofTable::build - locglob indices",
   "min": 0.009476115,
   "std_dev": 0.009194965110131993,
   "total": 0.054350004
  },
  "timer-52": {
   "count": 3,
   "max": 0.893558017,
   "mean": 0.585434248,
   "message": "DofTable::build",
   "min": 0.055617447,
   "std_dev": 0.3762950527099676,
   "total": 1.756302744
  },
  "timer-53": {
   "count": 3,
   "max": 0.90865295,
   "mean": 0.6001625653333333,
   "message": "FunctionSpace dof-5",
   "min": 0.073834885,
   "std_dev": 0.3740054508962056,
   "total": 1.800487696
  },
  "timer-54": {
   "count": 3,
   "max": 0.908720006,
   "mean": 0.6025009769999999,
   "message": "FunctionSpace dof table",
   "min": 0.080763918,
   "std_dev": 0.37077741468017933,
   "total": 1.807502931
  },
  "timer-55": {
   "count": 7,
   "max": 0.043376923,
   "mean": 0.007340287285714286,
   "message": "VectorPetscMPI::close",
   "min": 4.8221e-05,
   "std_dev": 0.014884453115091269,
   "total": 0.051382011
  },
  "timer-56": {
   "count": 2,
   "max": 0.123497751,
   "mean": 0.086790319,
   "message": "Integrator::assemble form MESH_ELEMENTS",
   "min": 0.050082887,
   "std_dev": 0.036707432,
   "total": 0.173580638
  },
  "timer-57": {
   "count": 2,
   "max": 0.005771647,
   "mean": 0.0031784340000000004,
   "message": "MatrixPETSc::close",
   "min": 0.000585221,
   "std_dev": 0.0025932130000000005,
   "total": 0.006356868000000001
  },
  "timer-58": {
   "count": 6,
   "max": 0.064512299,
   "mean": 0.04146541916666666,
   "message": "integrating over faces",
   "min": 0.024367326,
   "std_dev": 0.012631903881532586,
   "total": 0.24879251499999996
  },
  "timer-59": {
   "count": 1,
   "max": 0.818165302,
   "mean": 0.818165302,
   "message": "Timeset::add get scalar space nodal",
   "min": 0.818165302,
   "std_dev": 0.0,
   "total": 0.818165302
  },
  "timer-6": {
   "count": 2,
   "max": 0.04784649,
   "mean": 0.0256870775,
   "message": "Mesh::updateForUse register elements associated to marked points",
   "min": 0.003527665,
   "std_dev": 0.0221594125,
   "total": 0.051374155
  },
  "timer-60": {
   "count": 1,
   "max": 0.138711107,
   "mean": 0.138711107,
   "message": "Timeset::add functionspace element heat.temperature",
   "min": 0.138711107,
   "std_dev": 0.0,
   "total": 0.138711107
  },
  "timer-61": {
   "count": 1,
   "max": 1.05e-05,
   "mean": 1.05e-05,
   "message": "Timeset::add get scalar space element",
   "min": 1.05e-05,
   "std_dev": 0.0,
   "total": 1.05e-05
  },
  "timer-62": {
   "count": 1,
   "max": 0.09550682,
   "mean": 0.09550682,
   "message": "Timeset::add functionspace element heat.pid",
   "min": 0.09550682,
   "std_dev": 0.0,
   "total": 0.09550682
  },
  "timer-63": {
   "count": 1,
   "max": 0.035898706,
   "mean": 0.035898706,
   "message": "ExporterEnsightGold::writeGeoFiles init cache",
   "min": 0.035898706,
   "std_dev": 0.0,
   "total": 0.035898706
  },
  "timer-64": {
   "count": 1,
   "max": 0.057349606,
   "mean": 0.057349606,
   "message": "ExporterEnsightGold::save geo",
   "min": 0.057349606,
   "std_dev": 0.0,
   "total": 0.057349606
  },
  "timer-65": {
   "count": 2,
   "max": 0.00168526,
   "mean": 0.0016472035,
   "message": "saveFields intro",
   "min": 0.001609147,
   "std_dev": 3.8056500000000024e-05,
   "total": 0.003294407
  },
  "timer-66": {
   "count": 12,
   "max": 0.00106848,
   "mean": 9.61075e-05,
   "message": "saveFields part",
   "min": 5.551e-06,
   "std_dev": 0.00029320794871430414,
   "total": 0.00115329
  },
  "timer-67": {
   "count": 12,
   "max": 0.02189241,
   "mean": 0.002694266416666666,
   "message": "saveFields element loop",
   "min": 3.11e-07,
   "std_dev": 0.006071535977777994,
   "total": 0.03233119699999999
  },
  "timer-68": {
   "count": 12,
   "max": 0.000609366,
   "mean": 7.241883333333334e-05,
   "message": "saveFields write part",
   "min": 3e-08,
   "std_dev": 0.00016676277156929304,
   "total": 0.0008690260000000001
  },
  "timer-69": {
   "count": 2,
   "max": 0.030311146,
   "mean": 0.0192091725,
   "message": "saveFields",
   "min": 0.008107199,
   "std_dev": 0.011101973499999999,
   "total": 0.038418345
  },
  "timer-7": {
   "count": 2,
   "max": 0.146356779,
   "mean": 0.08009106199999999,
   "message": "Mesh::updateForUse update setMesh in elements and faces",
   "min": 0.013825345,
   "std_dev": 0.06626571699999999,
   "total": 0.16018212399999998
  },
  "timer-70": {
   "count": 1,
   "max": 0.038443884,
   "mean": 0.038443884,
   "message": "ExporterEnsightGold::save variables",
   "min": 0.038443884,
   "std_dev": 0.0,
   "total": 0.038443884
  },
  "timer-71": {
   "count": 1,
   "max": 0.00030828,
   "mean": 0.00030828,
   "message": "ExporterEnsightGold::save case",
   "min": 0.00030828,
   "std_dev": 0.0,
   "total": 0.00030828
  },
  "timer-72": {
   "count": 1,
   "max": 0.000107222,
   "mean": 0.000107222,
   "message": "ExporterEnsightGold::save sos",
   "min": 0.000107222,
   "std_dev": 0.0,
   "total": 0.000107222
  },
  "timer-73": {
   "count": 1,
   "max": 0.096232925,
   "mean": 0.096232925,
   "message": "ExporterEnsightGold::save",
   "min": 0.096232925,
   "std_dev": 0.0,
   "total": 0.096232925
  },
  "timer-74": {
   "count": 1,
   "max": 66.007810832,
   "mean": 66.007810832,
   "message": "env",
   "min": 66.007810832,
   "std_dev": 0.0,
   "total": 66.007810832
  },
  "timer-8": {
   "count": 2,
   "max": 6.742551637,
   "mean": 4.060069465,
   "message": "[Mesh::updateForUse] total time",
   "min": 1.377587293,
   "std_dev": 2.682482172,
   "total": 8.12013893
  },
  "timer-9": {
   "count": 1,
   "max": 1.886374852,
   "mean": 1.886374852,
   "message": "PartitionerMetis::partitionImpl",
   "min": 1.886374852,
   "std_dev": 0.0,
   "total": 1.886374852
  }
 },
 "Toolboxes": {
  "heat": {
   "Algebraic Solver": {
    "Backend": {
     "prefix": "heat",
     "type": "petsc"
    },
    "KSP": {
     "atol": 1e-50,
     "dtol": 100000.0,
     "maxit": 1000,
     "reuse-prec": false,
     "rtol": 1e-08,
     "type": "gmres"
    },
    "KSP in SNES": {
     "maxit": 1000,
     "reuse-prec": false,
     "rtol": 1e-05
    },
    "PC": {
     "type": "gamg"
    },
    "SNES": {
     "atol": 1e-50,
     "maxit": 50,
     "reuse-jac": false,
     "rtol": 1e-08,
     "stol": 1e-08
    }
   },
   "Boundary Conditions": {
    "convective_heat_flux": {
     "alpha": {
      "expr_Text": "T0_alpha",
      "expr_h": "h_alpha",
      "markers": [
       "alpha"
      ]
     },
     "beta": {
      "expr_Text": "T0_beta",
      "expr_h": "h_beta",
      "markers": [
       "beta"
      ]
     },
     "gamma": {
      "expr_Text": "T0_gamma",
      "expr_h": "h_gamma",
      "markers": [
       "gamma"
      ]
     }
    }
   },
   "Environment": {
    "expr repository": "/data/home/chappron/feelppdb/toolboxes/heat/ThermalBridgesENISO10211/Case3/exprs",
    "keyword": "heat",
    "number of processus": 16,
    "prefix": "heat",
    "root repository": "/data/home/chappron/feelppdb/toolboxes/heat/ThermalBridgesENISO10211/Case3/np_16"
   },
   "Fields": {
    "temperature": {
     "SymbolsExpr": [
      {
       "expr": "idv(.)",
       "name": "eval of temperature",
       "shape": "scalar",
       "symbol": "heat_T"
      },
      {
       "expr": "norm2(.)",
       "name": "norm2 of temperature",
       "shape": "scalar",
       "symbol": "heat_T_magnitude"
      },
      {
       "components": [
        {
         "indices": [
          0,
          0
         ],
         "symbol": "heat_grad_T_0"
        },
        {
         "indices": [
          0,
          1
         ],
         "symbol": "heat_grad_T_1"
        },
        {
         "indices": [
          0,
          2
         ],
         "symbol": "heat_grad_T_2"
        }
       ],
       "expr": "gradv(.)",
       "name": "grad of temperature",
       "shape": "vectorial [3]",
       "symbol": "heat_grad_T"
      },
      {
       "expr": "dnv(.)",
       "name": "normal derivative of temperature",
       "shape": "scalar",
       "symbol": "heat_dn_T"
      }
     ],
     "base symbol": "T",
     "function space": "/FunctionSpace/object-0",
     "name": "temperature",
     "prefix symbol": "heat"
    }
   },
   "Function Spaces": {
    "Temperature": "/FunctionSpace/object-0"
   },
   "Materials Properties": {
    "by_material": {
     "External_wall": [
      {
       "expr": "2000",
       "name": "density",
       "shape": "scalar",
       "symbol": "materials_External_wall_rho"
      },
      {
       "expr": "1000",
       "name": "specific-heat-capacity",
       "shape": "scalar",
       "symbol": "materials_External_wall_Cp"
      },
      {
       "expr": "1",
       "name": "thermal-conductivity",
       "shape": "scalar",
       "symbol": "materials_External_wall_k"
      }
     ],
     "Floor": [
      {
       "expr": "1000",
       "name": "density",
       "shape": "scalar",
       "symbol": "materials_Floor_rho"
      },
      {
       "expr": "800",
       "name": "specific-heat-capacity",
       "shape": "scalar",
       "symbol": "materials_Floor_Cp"
      },
      {
       "expr": "1",
       "name": "thermal-conductivity",
       "shape": "scalar",
       "symbol": "materials_Floor_k"
      }
     ],
     "Horizontal_structure": [
      {
       "expr": "5000",
       "name": "density",
       "shape": "scalar",
       "symbol": "materials_Horizontal_structure_rho"
      },
      {
       "expr": "600",
       "name": "specific-heat-capacity",
       "shape": "scalar",
       "symbol": "materials_Horizontal_structure_Cp"
      },
      {
       "expr": "2.5",
       "name": "thermal-conductivity",
       "shape": "scalar",
       "symbol": "materials_Horizontal_structure_k"
      }
     ],
     "Insulation": [
      {
       "expr": "200",
       "name": "density",
       "shape": "scalar",
       "symbol": "materials_Insulation_rho"
      },
      {
       "expr": "1000",
       "name": "specific-heat-capacity",
       "shape": "scalar",
       "symbol": "materials_Insulation_Cp"
      },
      {
       "expr": "0.04",
       "name": "thermal-conductivity",
       "shape": "scalar",
       "symbol": "materials_Insulation_k"
      }
     ],
     "Internal_wall": [
      {
       "expr": "1700",
       "name": "density",
       "shape": "scalar",
       "symbol": "materials_Internal_wall_rho"
      },
      {
       "expr": "800",
       "name": "specific-heat-capacity",
       "shape": "scalar",
       "symbol": "materials_Internal_wall_Cp"
      },
      {
       "expr": "0.7",
       "name": "thermal-conductivity",
       "shape": "scalar",
       "symbol": "materials_Internal_wall_k"
      }
     ]
    },
    "multi-material": [
     {
      "expr": "concat(...)",
      "name": "density",
      "shape": "scalar",
      "symbol": "materials_rho"
     },
     {
      "expr": "concat(...)",
      "name": "specific-heat-capacity",
      "shape": "scalar",
      "symbol": "materials_Cp"
     },
     {
      "expr": "concat(...)",
      "name": "thermal-conductivity",
      "shape": "scalar",
      "symbol": "materials_k"
     }
    ],
    "number of materials": 5
   },
   "Meshes": {
    "heat": {
     "Discretization": "/Mesh/heat",
     "Fields": null,
     "Import configuration": {
      "generate-partitioning": true,
      "geo-filename": "/usr/share/feelpp/data/testcases/toolboxes/heat/cases/Building/ThermalBridgesENISO10211/case3.geo",
      "hsize": 0.02,
      "number-of-partition": 16
     },
     "filename": "/data/home/chappron/feelppdb/toolboxes/heat/ThermalBridgesENISO10211/Case3/np_16/heat.mesh.json"
    }
   },
   "Physics": {
    "heat": {
     "default": "/ModelPhysic/object-0"
    }
   },
   "Physics2": {
    "time mode": "Stationary"
   }
  }
 },
 "journal": {
  "checkpoints": {
   "checkpoint-1": {
    "time": {
     "gm": "Wed Nov 19 08:40:48 2025 GMT",
     "local": "Wed Nov 19 09:40:48 2025 CET",
     "time_t": 1763541648
    }
   },
   "checkpoint-2": {
    "time": {
     "gm": "Wed Nov 19 08:41:51 2025 GMT",
     "local": "Wed Nov 19 09:41:51 2025 CET",
     "time_t": 1763541711
    }
   },
   "checkpoint-3": {
    "time": {
     "gm": "Wed Nov 19 08:41:54 2025 GMT",
     "local": "Wed Nov 19 09:41:54 2025 CET",
     "time_t": 1763541714
    }
   },
   "number": 3
  },
  "time": {
   "gm": "Wed Nov 19 08:40:47 2025 GMT",
   "local": "Wed Nov 19 09:40:47 2025 CET",
   "time_t": 1763541647
  },
  "version": "0.1.0"
 }
}