{
 "Environment": {
  "application": {
   "name": "toolboxes_heat"
  },
  "hardware": {
   "gaya": {
    "backend": "kwsys",
    "domain_name": "gaya.math.unistra.fr",
    "hostname": "gaya",
    "mem": {
     "available": {
      "host": "1056361836",
      "physical": "950779",
      "proc": "1056361836",
      "virtual": "8191"
     },
     "total": {
      "host": "1056361836",
      "physical": "1031603",
      "virtual": "8191"
     },
     "used": {
      "checkpoint-1": {
       "host": "50072256",
       "proc": "565248"
      },
      "checkpoint-2": {
       "host": "50083376",
       "proc": "594432"
      },
      "checkpoint-3": {
       "host": "50072948",
       "proc": "602112"
      }
     }
    },
    "os": {
     "is_apple": "0",
     "is_linux": "1",
     "is_windows": "0",
     "name": "Linux",
     "platform": "x86_64",
     "release": "6.8.0-87-generic",
     "version": "#88-Ubuntu SMP PREEMPT_DYNAMIC Sat Oct 11 09:28:41 UTC 2025"
    },
    "proc": {
     "apic_id": "0",
     "cache_size": "512",
     "clock_frequency": "3293.019043",
     "cpu_id_support": "0",
     "extended_name": "Unknown AMD family",
     "family_id": "23",
     "is_64bits": "1",
     "logical_cpu_number": "192",
     "logical_per_physical": "2",
     "model_id": "49",
     "physical_cpu_number": "96",
     "serial_number": "",
     "stepping_code": "0",
     "type_id": "0",
     "vendor_id": "Advanced Micro Devices",
     "vendor_name": "AuthenticAMD"
    }
   }
  },
  "run": {
   "command-line": "feelpp_toolbox_heat --config-file /usr/share/feelpp/data/testcases/toolboxes/heat/cases/Building/ThermalBridgesENISO10211/case4.cfg",
   "config-files": [
    "/usr/share/feelpp/data/testcases/toolboxes/heat/cases/Building/ThermalBridgesENISO10211/case4.cfg"
   ],
   "directories": {
    "app": "/data/home/chappron/feelppdb/toolboxes/heat/ThermalBridgesENISO10211/Case4/np_16",
    "downloads": "/data/home/chappron/feelppdb/toolboxes/heat/ThermalBridgesENISO10211/Case4/downloads",
    "export": "/data/home/chappron/feelppdb/toolboxes/heat/ThermalBridgesENISO10211/Case4/np_16/exports",
    "exprs": "/data/home/chappron/feelppdb/toolboxes/heat/ThermalBridgesENISO10211/Case4/exprs",
    "logs": "/data/home/chappron/feelppdb/toolboxes/heat/ThermalBridgesENISO10211/Case4/np_16/logs"
   },
   "number_of_processors": 16,
   "uuid": "47b09280-98e2-4544-90f0-2c22462b1587"
  },
  "software": {
   "boost": {
    "version": "1_83"
   },
   "mpi": {
    "library": {
     "openmpi": {
      "version": {
       "major": 4,
       "minor": 1,
       "release": 6
      }
     }
    },
    "version": "3.1"
   },
   "petsc": {
    "date": {
     "release": "Mar 30, 2023",
     "version": "Sep 28, 2023"
    },
    "version": {
     "major": 3,
     "minor": 19,
     "release": 1,
     "subminor": 6
    }
   }
  }
 },
 "FunctionSpace": {
  "object-0": {
   "basis": {
    "is_continuous": true,
    "nComponents": 1,
    "nComponents1": 1,
    "nComponents2": 1,
    "nLocalDof": 4,
    "name": "lagrange",
    "order": 1,
    "shape": "scalar"
   },
   "doftable": {
    "extended-doftable": 1,
    "nDof": 25081,
    "nLocalDofWithGhost": [
     2531,
     2513,
     2184,
     2270,
     2148,
     2281,
     2385,
     2256,
     2490,
     2261,
     2298,
     2199,
     2427,
     2336,
     2157,
     2267
    ],
    "nLocalDofWithoutGhost": [
     1879,
     1611,
     1600,
     1602,
     1774,
     1613,
     1396,
     1348,
     1612,
     1506,
     1640,
     1517,
     1440,
     1502,
     1653,
     1388
    ],
    "nLocalGhost": [
     652,
     902,
     584,
     668,
     374,
     668,
     989,
     908,
     878,
     755,
     658,
     682,
     987,
     834,
     504,
     879
    ]
   },
   "mesh": "/Mesh/heat",
   "nSpace": 1
  },
  "object-1": {
   "basis": {
    "is_continuous": true,
    "nComponents": 1,
    "nComponents1": 1,
    "nComponents2": 1,
    "nLocalDof": 4,
    "name": "lagrange",
    "order": 1,
    "shape": "scalar"
   },
   "doftable": {
    "extended-doftable": 1,
    "nDof": 25081,
    "nLocalDofWithGhost": [
     2531,
     2513,
     2184,
     2270,
     2148,
     2281,
     2385,
     2256,
     2490,
     2261,
     2298,
     2199,
     2427,
     2336,
     2157,
     2267
    ],
    "nLocalDofWithoutGhost": [
     1879,
     1611,
     1600,
     1602,
     1774,
     1613,
     1396,
     1348,
     1612,
     1506,
     1640,
     1517,
     1440,
     1502,
     1653,
     1388
    ],
    "nLocalGhost": [
     652,
     902,
     584,
     668,
     374,
     668,
     989,
     908,
     878,
     755,
     658,
     682,
     987,
     834,
     504,
     879
    ]
   },
   "mesh": "/Mesh/heat",
   "nSpace": 1
  },
  "object-2": {
   "basis": {
    "is_continuous": false,
    "nComponents": 1,
    "nComponents1": 1,
    "nComponents2": 1,
    "nLocalDof": 1,
    "name": "lagrange",
    "order": 0,
    "shape": "scalar"
   },
   "doftable": {
    "extended-doftable": 1,
    "nDof": 126955,
    "nLocalDofWithGhost": [
     10839,
     11558,
     9931,
     9954,
     9576,
     10413,
     11006,
     10153,
     11487,
     10296,
     10474,
     9820,
     11224,
     10516,
     9692,
     10283
    ],
    "nLocalDofWithoutGhost": [
     7774,
     8052,
     7758,
     8050,
     7833,
     7976,
     7769,
     7781,
     8093,
     7998,
     7943,
     8052,
     7911,
     7933,
     8041,
     7991
    ],
    "nLocalGhost": [
     3065,
     3506,
     2173,
     1904,
     1743,
     2437,
     3237,
     2372,
     3394,
     2298,
     2531,
     1768,
     3313,
     2583,
     1651,
     2292
    ]
   },
   "mesh": "/Mesh/heat",
   "nSpace": 1
  }
 },
 "Mesh": {
  "heat": {
   "dim": 3,
   "h_average": 0.03170693812763215,
   "h_max": 0.042190814617510494,
   "h_min": 0.01744614699097766,
   "n_edges": 161271,
   "n_elements": 126955,
   "n_faces": 263146,
   "n_partition": 16,
   "n_points": 25081,
   "order": 1,
   "partitioning": {
    "n_edges": [
     10781,
     10279,
     10047,
     10262,
     10563,
     10237,
     9514,
     9362,
     10306,
     9961,
     10290,
     10030,
     9709,
     9896,
     10397,
     9637
    ],
    "n_elements": [
     7774,
     8052,
     7758,
     8050,
     7833,
     7976,
     7769,
     7781,
     8093,
     7998,
     7943,
     8052,
     7911,
     7933,
     8041,
     7991
    ],
    "n_elements_with_ghost": [
     10839,
     11558,
     9931,
     9954,
     9576,
     10413,
     11006,
     10153,
     11487,
     10296,
     10474,
     9820,
     11224,
     10516,
     9692,
     10283
    ],
    "n_faces": [
     16677,
     16720,
     16205,
     16710,
     16623,
     16600,
     15886,
     15795,
     16787,
     16453,
     16593,
     16565,
     16180,
     16327,
     16785,
     16240
    ],
    "n_points": [
     1879,
     1611,
     1600,
     1602,
     1774,
     1613,
     1396,
     1348,
     1612,
     1506,
     1640,
     1517,
     1440,
     1502,
     1653,
     1388
    ]
   },
   "real_dim": 3,
   "shape": "Simplex_3_1_3"
  },
  "object-1": {
   "dim": 3,
   "h_average": 5.426156011146e-310,
   "h_max": 5.42615627253756e-310,
   "h_min": 4.906e-321,
   "n_edges": 0,
   "n_elements": 126955,
   "n_faces": 263146,
   "n_partition": 1,
   "n_points": 25081,
   "order": 1,
   "real_dim": 3,
   "shape": "Simplex_3_1_3"
  }
 },
 "ModelPhysic": {
  "object-0": {
   "Generic": {
    "modeling": "heat",
    "name": "default",
    "type": "heat"
   },
   "Heat": {
    "Equation": " - div( k grad T ) = 0"
   }
  }
 },
 "TimerTable": {
  "timer-0": {
   "count": 1,
   "max": 0.35996093,
   "mean": 0.35996093,
   "message": "read msh from file",
   "min": 0.35996093,
   "std_dev": 0.0,
   "total": 0.35996093
  },
  "timer-1": {
   "count": 2,
   "max": 0.008996552,
   "mean": 0.0046793265,
   "message": "Mesh.updateEntitiesCoDimensionOne.add_faces",
   "min": 0.000362101,
   "std_dev": 0.0043172255,
   "total": 0.009358653
  },
  "timer-10": {
   "count": 1,
   "max": 0.00153612,
   "mean": 0.00153612,
   "message": "PartitionIO writing stats",
   "min": 0.00153612,
   "std_dev": 0.0,
   "total": 0.00153612
  },
  "timer-11": {
   "count": 1,
   "max": 0.003262878,
   "mean": 0.003262878,
   "message": "PartitionIO writing points",
   "min": 0.003262878,
   "std_dev": 0.0,
   "total": 0.003262878
  },
  "timer-12": {
   "count": 1,
   "max": 0.070676267,
   "mean": 0.070676267,
   "message": "PartitionIO writing elements",
   "min": 0.070676267,
   "std_dev": 0.0,
   "total": 0.070676267
  },
  "timer-13": {
   "count": 1,
   "max": 0.006909075,
   "mean": 0.006909075,
   "message": "PartitionIO writing ghost_elements",
   "min": 0.006909075,
   "std_dev": 0.0,
   "total": 0.006909075
  },
  "timer-14": {
   "count": 1,
   "max": 0.007310741,
   "mean": 0.007310741,
   "message": "PartitionIO writing marked_subentities",
   "min": 0.007310741,
   "std_dev": 0.0,
   "total": 0.007310741
  },
  "timer-15": {
   "count": 1,
   "max": 0.107116599,
   "mean": 0.107116599,
   "message": "PartitionIO writing hdf5 file",
   "min": 0.107116599,
   "std_dev": 0.0,
   "total": 0.107116599
  },
  "timer-16": {
   "count": 1,
   "max": 0.00077642,
   "mean": 0.00077642,
   "message": "PartitionIO reading stats",
   "min": 0.00077642,
   "std_dev": 0.0,
   "total": 0.00077642
  },
  "timer-17": {
   "count": 1,
   "max": 0.001326275,
   "mean": 0.001326275,
   "message": "PartitionIO reading points",
   "min": 0.001326275,
   "std_dev": 0.0,
   "total": 0.001326275
  },
  "timer-18": {
   "count": 1,
   "max": 0.005551783,
   "mean": 0.005551783,
   "message": "PartitionIO reading elements",
   "min": 0.005551783,
   "std_dev": 0.0,
   "total": 0.005551783
  },
  "timer-19": {
   "count": 1,
   "max": 0.002676925,
   "mean": 0.002676925,
   "message": "PartitionIO reading ghost_elements",
   "min": 0.002676925,
   "std_dev": 0.0,
   "total": 0.002676925
  },
  "timer-2": {
   "count": 2,
   "max": 0.410092153,
   "mean": 0.2151225245,
   "message": "Mesh.updateEntitiesCoDimensionOne.add_faces_from_elements",
   "min": 0.020152896,
   "std_dev": 0.1949696285,
   "total": 0.430245049
  },
  "timer-20": {
   "count": 1,
   "max": 0.000911053,
   "mean": 0.000911053,
   "message": "PartitionIO reading marked_subentities",
   "min": 0.000911053,
   "std_dev": 0.0,
   "total": 0.000911053
  },
  "timer-21": {
   "count": 1,
   "max": 0.019991834,
   "mean": 0.019991834,
   "message": "PartitionIO reading hdf5 file",
   "min": 0.019991834,
   "std_dev": 0.0,
   "total": 0.019991834
  },
  "timer-22": {
   "count": 1,
   "max": 2.5e-07,
   "mean": 2.5e-07,
   "message": "[Mesh3D::updateEdges] adding edges already registered",
   "min": 2.5e-07,
   "std_dev": 0.0,
   "total": 2.5e-07
  },
  "timer-23": {
   "count": 1,
   "max": 0.004317471,
   "mean": 0.004317471,
   "message": "[Mesh3D::updateEdges] adding boundaryfaces/edges",
   "min": 0.004317471,
   "std_dev": 0.0,
   "total": 0.004317471
  },
  "timer-24": {
   "count": 1,
   "max": 0.014118956,
   "mean": 0.014118956,
   "message": "[Mesh3D::updateEdges] adding element/edges",
   "min": 0.014118956,
   "std_dev": 0.0,
   "total": 0.014118956
  },
  "timer-25": {
   "count": 1,
   "max": 0.001561648,
   "mean": 0.001561648,
   "message": "[Mesh3D::updateEdges] updating faces/edges",
   "min": 0.001561648,
   "std_dev": 0.0,
   "total": 0.001561648
  },
  "timer-26": {
   "count": 1,
   "max": 0.023979012,
   "mean": 0.023979012,
   "message": "Mesh::updateForUse update entities of codimension 2",
   "min": 0.023979012,
   "std_dev": 0.0,
   "total": 0.023979012
  },
  "timer-27": {
   "count": 1,
   "max": 0.087688005,
   "mean": 0.087688005,
   "message": "Mesh::updateForUse update parallel data",
   "min": 0.087688005,
   "std_dev": 0.0,
   "total": 0.087688005
  },
  "timer-28": {
   "count": 1,
   "max": 0.00487564,
   "mean": 0.00487564,
   "message": "Mesh::updateForUse update on boundary",
   "min": 0.00487564,
   "std_dev": 0.0,
   "total": 0.00487564
  },
  "timer-29": {
   "count": 1,
   "max": 0.015869018,
   "mean": 0.015869018,
   "message": "[Mesh::updateMeasures] update entity measures",
   "min": 0.015869018,
   "std_dev": 0.0,
   "total": 0.015869018
  },
  "timer-3": {
   "count": 2,
   "max": 0.01723075,
   "mean": 0.009236839,
   "message": "Mesh.updateEntitiesCoDimensionOne.clean_faces",
   "min": 0.001242928,
   "std_dev": 0.007993911,
   "total": 0.018473678
  },
  "timer-30": {
   "count": 1,
   "max": 0.003954358,
   "mean": 0.003954358,
   "message": "[Mesh::updateMeasures] update average, min and max",
   "min": 0.003954358,
   "std_dev": 0.0,
   "total": 0.003954358
  },
  "timer-31": {
   "count": 1,
   "max": 0.019905661,
   "mean": 0.019905661,
   "message": "Mesh::updateForUse update mesh measures",
   "min": 0.019905661,
   "std_dev": 0.0,
   "total": 0.019905661
  },
  "timer-32": {
   "count": 1,
   "max": 7e-08,
   "mean": 7e-08,
   "message": "Mesh::updateForUse update geomap cache",
   "min": 7e-08,
   "std_dev": 0.0,
   "total": 7e-08
  },
  "timer-33": {
   "count": 1,
   "max": 0.182326493,
   "mean": 0.182326493,
   "message": "PartitionIO mesh update for use",
   "min": 0.182326493,
   "std_dev": 0.0,
   "total": 0.182326493
  },
  "timer-34": {
   "count": 3,
   "max": 3.3432e-05,
   "mean": 1.4567333333333334e-05,
   "message": "FunctionSpace dof-1",
   "min": 4.409e-06,
   "std_dev": 1.3352498201543495e-05,
   "total": 4.3702e-05
  },
  "timer-35": {
   "count": 3,
   "max": 8e-08,
   "mean": 7.033333333333333e-08,
   "message": "FunctionSpace dof-2",
   "min": 6.1e-08,
   "std_dev": 7.760297817881873e-09,
   "total": 2.11e-07
  },
  "timer-36": {
   "count": 3,
   "max": 7e-08,
   "mean": 5.7e-08,
   "message": "FunctionSpace dof-3",
   "min": 5e-08,
   "std_dev": 9.201449161228179e-09,
   "total": 1.71e-07
  },
  "timer-37": {
   "count": 3,
   "max": 3.31e-07,
   "mean": 2.836666666666667e-07,
   "message": "FunctionSpace dof-4",
   "min": 2.1e-07,
   "std_dev": 5.279099249766848e-08,
   "total": 8.51e-07
  },
  "timer-38": {
   "count": 3,
   "max": 0.001936563,
   "mean": 0.0015197553333333334,
   "message": "DofTable::init",
   "min": 0.000785297,
   "std_dev": 0.0005209157386848238,
   "total": 0.004559266
  },
  "timer-39": {
   "count": 3,
   "max": 1.1782e-05,
   "mean": 4.050666666666667e-06,
   "message": "DofTable::buildPeriodicDof",
   "min": 1.1e-07,
   "std_dev": 5.467221191387409e-06,
   "total": 1.2152e-05
  },
  "timer-4": {
   "count": 2,
   "max": 0.045932515,
   "mean": 0.024635262,
   "message": "[Mesh3D::updateFaces] element/face permutation",
   "min": 0.003338009,
   "std_dev": 0.021297253000000002,
   "total": 0.049270524
  },
  "timer-40": {
   "count": 3,
   "max": 7e-08,
   "mean": 6e-08,
   "message": "DofTable::buildLocalDiscon",
   "min": 5e-08,
   "std_dev": 8.16496580927726e-09,
   "total": 1.8e-07
  },
  "timer-41": {
   "count": 3,
   "max": 2.3e-07,
   "mean": 1.2699999999999999e-07,
   "message": "DofTable buildDofMap allocation",
   "min": 7.1e-08,
   "std_dev": 7.292461861401813e-08,
   "total": 3.81e-07
  },
  "timer-42": {
   "count": 3,
   "max": 0.017404417,
   "mean": 0.010353537333333333,
   "message": "DofTable buildDofMap element loop",
   "min": 0.001324571,
   "std_dev": 0.006711928783470134,
   "total": 0.031060611999999998
  },
  "timer-43": {
   "count": 3,
   "max": 0.01767241,
   "mean": 0.010527795000000001,
   "message": "DofTable buildDofMap dof generation",
   "min": 0.001433185,
   "std_dev": 0.0067715073420509565,
   "total": 0.031583385000000005
  },
  "timer-44": {
   "count": 3,
   "max": 1.11e-07,
   "mean": 8.366666666666667e-08,
   "message": "DofTable generateDofPoints",
   "min": 6e-08,
   "std_dev": 2.0981473309141628e-08,
   "total": 2.51e-07
  },
  "timer-45": {
   "count": 3,
   "max": 1.904e-06,
   "mean": 1.339e-06,
   "message": "DofTable buildDofMap done",
   "min": 8.51e-07,
   "std_dev": 4.3331974337664324e-07,
   "total": 4.017e-06
  },
  "timer-46": {
   "count": 3,
   "max": 0.017708068,
   "mean": 0.010551917666666667,
   "message": "DofTable::call buildDofMap",
   "min": 0.00144563,
   "std_dev": 0.006780806202810319,
   "total": 0.031655753
  },
  "timer-47": {
   "count": 3,
   "max": 9.62e-07,
   "mean": 4.976666666666667e-07,
   "message": "DofTable::checki dof element assignement",
   "min": 2.6e-07,
   "std_dev": 3.2836395796263777e-07,
   "total": 1.4930000000000001e-06
  },
  "timer-48": {
   "count": 2,
   "max": 0.016586648,
   "mean": 0.015366703499999999,
   "message": "DofTable::buildBoundaryDofMap",
   "min": 0.014146759,
   "std_dev": 0.0012199444999999986,
   "total": 0.030733406999999997
  },
  "timer-49": {
   "count": 3,
   "max": 0.034506574,
   "mean": 0.021408954999999997,
   "message": "DofTable::sequential map",
   "min": 4.2e-07,
   "std_dev": 0.015263729547246327,
   "total": 0.064226865
  },
  "timer-5": {
   "count": 2,
   "max": 0.604312357,
   "mean": 0.31840765649999997,
   "message": "Mesh::updateForUse update entities of codimension 1",
   "min": 0.032502956,
   "std_dev": 0.28590470049999994,
   "total": 0.6368153129999999
  },
  "timer-50": {
   "count": 3,
   "max": 0.019372548,
   "mean": 0.013554093999999997,
   "message": "DofTable::reordering global id in doftable",
   "min": 0.002955399,
   "std_dev": 0.007506384985935239,
   "total": 0.040662281999999994
  },
  "timer-51": {
   "count": 3,
   "max": 0.004927859,
   "mean": 0.0029943023333333335,
   "message": "DofTable::build - locglob indices",
   "min": 0.001537663,
   "std_dev": 0.001424533803677384,
   "total": 0.008982907
  },
  "timer-52": {
   "count": 3,
   "max": 0.076585462,
   "mean": 0.04929116333333334,
   "message": "DofTable::build",
   "min": 0.008095487,
   "std_dev": 0.029638436695712443,
   "total": 0.14787349000000002
  },
  "timer-53": {
   "count": 3,
   "max": 0.078457432,
   "mean": 0.051054563,
   "message": "FunctionSpace dof-5",
   "min": 0.009549001,
   "std_dev": 0.0298469141689123,
   "total": 0.153163689
  },
  "timer-54": {
   "count": 3,
   "max": 0.07850335,
   "mean": 0.051345062999999996,
   "message": "FunctionSpace dof table",
   "min": 0.010360988,
   "std_dev": 0.02948682966004166,
   "total": 0.154035189
  },
  "timer-55": {
   "count": 7,
   "max": 0.001918499,
   "mean": 0.0004523237142857143,
   "message": "VectorPetscMPI::close",
   "min": 2.6069e-05,
   "std_dev": 0.0006362108376338581,
   "total": 0.003166266
  },
  "timer-56": {
   "count": 2,
   "max": 0.020893459,
   "mean": 0.0169496915,
   "message": "Integrator::assemble form MESH_ELEMENTS",
   "min": 0.013005924,
   "std_dev": 0.003943767499999999,
   "total": 0.033899383
  },
  "timer-57": {
   "count": 2,
   "max": 0.00180222,
   "mean": 0.0010608405,
   "message": "MatrixPETSc::close",
   "min": 0.000319461,
   "std_dev": 0.0007413794999999999,
   "total": 0.002121681
  },
  "timer-58": {
   "count": 6,
   "max": 0.058664183,
   "mean": 0.029046594499999998,
   "message": "integrating over faces",
   "min": 0.004429161,
   "std_dev": 0.019364109532118336,
   "total": 0.174279567
  },
  "timer-59": {
   "count": 1,
   "max": 0.065198263,
   "mean": 0.065198263,
   "message": "Timeset::add get scalar space nodal",
   "min": 0.065198263,
   "std_dev": 0.0,
   "total": 0.065198263
  },
  "timer-6": {
   "count": 2,
   "max": 0.005324645,
   "mean": 0.002884305,
   "message": "Mesh::updateForUse register elements associated to marked points",
   "min": 0.000443965,
   "std_dev": 0.00244034,
   "total": 0.00576861
  },
  "timer-60": {
   "count": 1,
   "max": 0.017633687,
   "mean": 0.017633687,
   "message": "Timeset::add functionspace element heat.temperature",
   "min": 0.017633687,
   "std_dev": 0.0,
   "total": 0.017633687
  },
  "timer-61": {
   "count": 1,
   "max": 4.949e-06,
   "mean": 4.949e-06,
   "message": "Timeset::add get scalar space element",
   "min": 4.949e-06,
   "std_dev": 0.0,
   "total": 4.949e-06
  },
  "timer-62": {
   "count": 1,
   "max": 0.012657347,
   "mean": 0.012657347,
   "message": "Timeset::add functionspace element heat.pid",
   "min": 0.012657347,
   "std_dev": 0.0,
   "total": 0.012657347
  },
  "timer-63": {
   "count": 1,
   "max": 0.004525262,
   "mean": 0.004525262,
   "message": "ExporterEnsightGold::writeGeoFiles init cache",
   "min": 0.004525262,
   "std_dev": 0.0,
   "total": 0.004525262
  },
  "timer-64": {
   "count": 1,
   "max": 0.009939846,
   "mean": 0.009939846,
   "message": "ExporterEnsightGold::save geo",
   "min": 0.009939846,
   "std_dev": 0.0,
   "total": 0.009939846
  },
  "timer-65": {
   "count": 2,
   "max": 0.001784547,
   "mean": 0.0016184495,
   "message": "saveFields intro",
   "min": 0.001452352,
   "std_dev": 0.0001660975,
   "total": 0.003236899
  },
  "timer-66": {
   "count": 4,
   "max": 0.000215565,
   "mean": 6.2044e-05,
   "message": "saveFields part",
   "min": 5.33e-06,
   "std_dev": 8.887511730231359e-05,
   "total": 0.000248176
  },
  "timer-67": {
   "count": 4,
   "max": 0.0024829,
   "mean": 0.00097033725,
   "message": "saveFields element loop",
   "min": 0.000189075,
   "std_dev": 0.0009009009038319295,
   "total": 0.003881349
  },
  "timer-68": {
   "count": 4,
   "max": 0.0003774,
   "mean": 0.000122473,
   "message": "saveFields write part",
   "min": 4.048e-06,
   "std_dev": 0.0001519803977541183,
   "total": 0.000489892
  },
  "timer-69": {
   "count": 2,
   "max": 0.005033919,
   "mean": 0.0040526735,
   "message": "saveFields",
   "min": 0.003071428,
   "std_dev": 0.0009812455000000001,
   "total": 0.008105347
  },
  "timer-7": {
   "count": 2,
   "max": 0.018076941,
   "mean": 0.0093000275,
   "message": "Mesh::updateForUse update setMesh in elements and faces",
   "min": 0.000523114,
   "std_dev": 0.0087769135,
   "total": 0.018600055
  },
  "timer-70": {
   "count": 1,
   "max": 0.008127136,
   "mean": 0.008127136,
   "message": "ExporterEnsightGold::save variables",
   "min": 0.008127136,
   "std_dev": 0.0,
   "total": 0.008127136
  },
  "timer-71": {
   "count": 1,
   "max": 0.000184627,
   "mean": 0.000184627,
   "message": "ExporterEnsightGold::save case",
   "min": 0.000184627,
   "std_dev": 0.0,
   "total": 0.000184627
  },
  "timer-72": {
   "count": 1,
   "max": 9.9527e-05,
   "mean": 9.9527e-05,
   "message": "ExporterEnsightGold::save sos",
   "min": 9.9527e-05,
   "std_dev": 0.0,
   "total": 9.9527e-05
  },
  "timer-73": {
   "count": 1,
   "max": 0.018361847,
   "mean": 0.018361847,
   "message": "ExporterEnsightGold::save",
   "min": 0.018361847,
   "std_dev": 0.0,
   "total": 0.018361847
  },
  "timer-74": {
   "count": 1,
   "max": 8.4279174,
   "mean": 8.4279174,
   "message": "env",
   "min": 8.4279174,
   "std_dev": 0.0,
   "total": 8.4279174
  },
  "timer-8": {
   "count": 2,
   "max": 0.701591241,
   "mean": 0.441956803,
   "message": "[Mesh::updateForUse] total time",
   "min": 0.182322365,
   "std_dev": 0.259634438,
   "total": 0.883913606
  },
  "timer-9": {
   "count": 1,
   "max": 0.153936673,
   "mean": 0.153936673,
   "message": "PartitionerMetis::partitionImpl",
   "min": 0.153936673,
   "std_dev": 0.0,
   "total": 0.153936673
  }
 },
 "Toolboxes": {
  "heat": {
   "Algebraic Solver": {
    "Backend": {
     "prefix": "heat",
     "type": "petsc"
    },
    "KSP": {
     "atol": 1e-50,
     "dtol": 100000.0,
     "maxit": 1000,
     "reuse-prec": false,
     "rtol": 1e-08,
     "type": "gmres"
    },
    "KSP in SNES": {
     "maxit": 1000,
     "reuse-prec": false,
     "rtol": 1e-05
    },
    "PC": {
     "type": "gamg"
    },
    "SNES": {
     "atol": 1e-50,
     "maxit": 50,
     "reuse-jac": false,
     "rtol": 1e-08,
     "stol": 1e-08
    }
   },
   "Boundary Conditions": {
    "convective_heat_flux": {
     "Exterior_wall": {
      "expr_Text": "T0_exterior",
      "expr_h": "h_exterior",
      "markers": [
       "Exterior_wall"
      ]
     },
     "Interior_wall": {
      "expr_Text": "T0_interior",
      "expr_h": "h_interior",
      "markers": [
       "Interior_wall"
      ]
     }
    }
   },
   "Environment": {
    "expr repository": "/data/home/chappron/feelppdb/toolboxes/heat/ThermalBridgesENISO10211/Case4/exprs",
    "keyword": "heat",
    "number of processus": 16,
    "prefix": "heat",
    "root repository": "/data/home/chappron/feelppdb/toolboxes/heat/ThermalBridgesENISO10211/Case4/np_16"
   },
   "Fields": {
    "temperature": {
     "SymbolsExpr": [
      {
       "expr": "idv(.)",
       "name": "eval of temperature",
       "shape": "scalar",
       "symbol": "heat_T"
      },
      {
       "expr": "norm2(.)",
       "name": "norm2 of temperature",
       "shape": "scalar",
       "symbol": "heat_T_magnitude"
      },
      {
       "components": [
        {
         "indices": [
          0,
          0
         ],
         "symbol": "heat_grad_T_0"
        },
        {
         "indices": [
          0,
          1
         ],
         "symbol": "heat_grad_T_1"
        },
        {
         "indices": [
          0,
          2
         ],
         "symbol": "heat_grad_T_2"
        }
       ],
       "expr": "gradv(.)",
       "name": "grad of temperature",
       "shape": "vectorial [3]",
       "symbol": "heat_grad_T"
      },
      {
       "expr": "dnv(.)",
       "name": "normal derivative of temperature",
       "shape": "scalar",
       "symbol": "heat_dn_T"
      }
     ],
     "base symbol": "T",
     "function space": "/FunctionSpace/object-0",
     "name": "temperature",
     "prefix symbol": "heat"
    }
   },
   "Function Spaces": {
    "Temperature": "/FunctionSpace/object-0"
   },
   "Materials Properties": {
    "by_material": {
     "Insulation_layer": [
      {
       "expr": "2240",
       "name": "density",
       "shape": "scalar",
       "symbol": "materials_Insulation_layer_rho"
      },
      {
       "expr": "750",
       "name": "specific-heat-capacity",
       "shape": "scalar",
       "symbol": "materials_Insulation_layer_Cp"
      },
      {
       "expr": "0.1",
       "name": "thermal-conductivity",
       "shape": "scalar",
       "symbol": "materials_Insulation_layer_k"
      }
     ],
     "Iron_bar": [
      {
       "expr": "7870",
       "name": "density",
       "shape": "scalar",
       "symbol": "materials_Iron_bar_rho"
      },
      {
       "expr": "480",
       "name": "specific-heat-capacity",
       "shape": "scalar",
       "symbol": "materials_Iron_bar_Cp"
      },
      {
       "expr": "50",
       "name": "thermal-conductivity",
       "shape": "scalar",
       "symbol": "materials_Iron_bar_k"
      }
     ]
    },
    "multi-material": [
     {
      "expr": "concat(...)",
      "name": "density",
      "shape": "scalar",
      "symbol": "materials_rho"
     },
     {
      "expr": "concat(...)",
      "name": "specific-heat-capacity",
      "shape": "scalar",
      "symbol": "materials_Cp"
     },
     {
      "expr": "concat(...)",
      "name": "thermal-conductivity",
      "shape": "scalar",
      "symbol": "materials_k"
     }
    ],
    "number of materials": 2
   },
   "Meshes": {
    "heat": {
     "Discretization": "/Mesh/heat",
     "Fields": null,
     "Import configuration": {
      "generate-partitioning": true,
      "geo-filename": "/usr/share/feelpp/data/testcases/toolboxes/heat/cases/Building/ThermalBridgesENISO10211/case4.geo",
      "hsize": 0.02,
      "number-of-partition": 16
     },
     "filename": "/data/home/chappron/feelppdb/toolboxes/heat/ThermalBridgesENISO10211/Case4/np_16/heat.mesh.json"
    }
   },
   "Physics": {
    "heat": {
     "default": "/ModelPhysic/object-0"
    }
   },
   "Physics2": {
    "time mode": "Stationary"
   }
  }
 },
 "journal": {
  "checkpoints": {
   "checkpoint-1": {
    "time": {
     "gm": "Mon Nov 24 08:47:41 2025 GMT",
     "local": "Mon Nov 24 09:47:41 2025 CET",
     "time_t": 1763974061
    }
   },
   "checkpoint-2": {
    "time": {
     "gm": "Mon Nov 24 08:47:49 2025 GMT",
     "local": "Mon Nov 24 09:47:49 2025 CET",
     "time_t": 1763974069
    }
   },
   "checkpoint-3": {
    "time": {
     "gm": "Mon Nov 24 08:47:49 2025 GMT",
     "local": "Mon Nov 24 09:47:49 2025 CET",
     "time_t": 1763974069
    }
   },
   "number": 3
  },
  "time": {
   "gm": "Mon Nov 24 08:47:40 2025 GMT",
   "local": "Mon Nov 24 09:47:40 2025 CET",
   "time_t": 1763974060
  },
  "version": "0.1.0"
 }
}